品类,品牌,产品,规格,爆款香型,天猫挂价,天猫单ml,配赠,天猫销量原始,达播价,抖音单ml,配赠.1,配赠（可带上机制主图）,抖音销量原始,功效词,一句话卖点,详情页宣传（截图）,小红书用户评价,包装图文件名
洁面,马林戈茨,西柚洁面啫喱,236ml,西柚,"原价：¥330
优惠后：¥185.87","原价单ml：¥1.40 /ml 
优惠价单ml：¥0.79 /ml","店铺活动满400赠价值118礼包
店铺活动满800赠价值171护手霜",300+,/,/,/,/,29,清洁、卸妆、保湿、温和不紧绷、氨基酸洁面,"""氨基酸温和洁面"" —— 专为追求温和清洁的用户设计，解决过度清洁导致的肌肤紧绷与敏感问题，实现净澈柔和的洗卸护三合一功效，洗后水润不紧绷。",,"氨基酸配方，洗后不紧绷不拔干，淡淡西柚清香被形容为""都市仪式感""，敏感肌也能日用。差评集中在：泡沫偏少不解压；清洁力中等，卸防晒勉强、卸妆完全不行需要再卸；少数人吐槽闻起来像原料味不像水果；¥186/236ml单价偏高，性价比一般，不少人会选小样尝试。",
洁面,科颜氏,金盏花洗面奶,230ml,/,"原价：¥340
优惠后：¥276.47","原价单ml：¥1.48 /ml 
优惠价单ml：¥1.20 /ml",买230ml赠30ml*6,30万+,340,¥1.48 /ml,"买230ml到手共410ml
赠金盏花洁面30ml*6",,1.6万,清洁、平衡水油、舒缓、温和不刺激、氨基酸洁面,"""肌肤清火「凉茶」式洁面"" —— 专为中性及易敏感肌肤设计，解决洁面后水油失衡与肌肤敏感不适问题，通过温和洁净力平衡肌肤状态，洗后清爽舒缓不紧绷。",,"高赞笔记里是混油皮、痘肌""红榜常客""，啫喱加水起绵密泡，金盏花和洋甘菊带来舒缓感，洗后不紧绷、能稳定闭口。差评：干皮和屏障受损人群反映清洁力偏强，连用易紧绷；必须先加水乳化否则容易闷痘；30ml中样按日用只能撑半个月，正装价格学生党喊贵；不少人强调它不是祛痘神器。",
洁面,科颜氏,小奶泡洗面奶,"150ml/
75ml",/,"150ml原价：¥240 / 
优惠后：¥198.47

75ml原价：¥130 / 
优惠后：¥128","150ml原价单ml：¥1.60 /ml 优惠价单ml：¥1.32 /ml 

75ml原价单ml：¥1.73 /ml 
优惠价单ml：¥1.71 /ml","买150赠高保湿三件套：小奶泡沫洁面30ml+高保湿水40ml+高保湿霜14ml

买75赠高保湿霜14ml",20万+,"75ml：¥119
150ml：¥240","75ml：¥1.59/ml
150ml：¥1.6/ml","75ml：买即赠高保湿面霜14ml*1
150ml：买即赠3件保湿礼 小奶泡洁面 30ml*1+高保湿水40ml*1+高保湿面霜14ml*1",,"75ml：2万
150ml：7828",清洁、保湿、卸妆（底妆/防晒）、温和不刺激、修护屏障,"""专研起泡科技洗得干净不绷脸"" —— 专为追求洁净与保湿平衡的肤质设计，解决传统洁面后紧绷、干燥不适的问题，通过绵密泡沫实现深层清洁与卸妆，同时维稳修护肌肤屏障，带来洗后即刻水润不紧绷的洁面体验。",,"精华质感泡沫绵密像云朵，被夸温和到孕妇敏感肌可用，洗后水润不紧绷，主打""清洁+卸淡妆+养肤三合一""，对矿物油防晒和硅基底妆有一定卸除力。差评相对少：泡沫需揉搓或借助起泡网才够丰盈；清洁力对油皮和重防晒党偏弱，仍建议二次清洁；¥198/150ml折算单价不低，部分人觉得只是温和款没有惊艳点。",洁面_4_a6efa2bc72.jpg
洁面,科颜氏,高保湿洗面奶,150ml,/,"原价：¥240
优惠后：¥198.47","原价单 ml：¥1.6 /ml
优惠价单 ml：¥1.323 /ml",买150ml赠30ml*4,10万+,/,/,/,/,6878,清洁、保湿、控油、温和不刺激、舒缓,"""混油皮的保湿洁面之选"" —— 专为混油皮设计，解决深层洁净与清爽控油需求，同时兼顾保湿功效，洗后不紧绷，实现水油平衡。",,"Q弹啫喱、无酒精无皂基，干敏皮高赞""洗完像敷了补水面膜""，混油换季也不拔干，150ml能用约三个月被认为耐用。槽点比较克制：泡沫不丰富、爱搓泡的用户得配起泡网；不能卸浓妆需另备卸妆；少数油皮夏天觉得清爽度一般、洗后偏润；和金盏花相比清洁力弱，重防晒日依旧建议二次清洁。",洁面_5_663b442eaf.jpg
洁面,科颜氏,男士焕活净爽洁面啫喱,250ml,薄荷劲爽香调,"原价：¥290
优惠后：¥248.47","原价单ml：¥1.16 /ml
优惠价单ml：¥0.99 /ml","买250ml赠30ml*5

或30ml*1+爽肤水40ml+保湿乳15ml",10万+,290,¥1.16 /ml,"买1赠3件礼
男士保湿乳15ml*1+男士洁面30ml*1+男士爽肤水40ml*1",,8428,清洁毛孔、控油、保湿、舒缓、提亮、醒肤,"""薄荷劲爽醒肤洁面"" —— 专为男士设计，解决面部油腻、黑头、干燥等肌肤问题，深层清洁油脂污垢唤醒肌肤活力，洗后水润不紧绷，带来清爽醒肤体验。",,"薄荷+咖啡因+柑橘提取，男生评价集中在""凉感提神、夏天油田救星""，能打出细腻泡、剃须前用更顺滑。差评点：含香精，对香精/薄荷醇敏感人群会刺痛、泛红；眼周容易感到清凉刺激；¥248/250ml价格被认为偏高，市面有更多平价替代；干皮和换季用反映清洁后偏紧绷，不太适合非油皮男士全年使用。",洁面_6_fd1d39acc4.jpg
洁面,朗仕,"多功能洗面奶
（干皮/混油）","100ml 多功能洁面

100ml氨基酸洁面

200ml 多功能洁面大支装",/,"原价：¥240 (100ml）

原价：¥390 (200ml)","100单ml：¥2.40 /ml 

200单ml：¥1.95 /ml",赠多功能洁面30ml*3,30万+,¥109 (100ml）,¥1.09 /ml,无,无,51,深层清洁、去黑头、温和洁净、保湿、不紧绷、软化胡须,"""男士多效合一洗护方案"" —— 专为男士不同肤质设计，解决面部清洁、黑头顽固及胡须粗糙等多重问题，实现深层净澈与温和保湿的平衡，洗后清爽舒爽不紧绷。",,"雅诗兰黛集团男士线，主打""洁面+磨砂+控油""多合一，含磨砂柔珠+水杨酸衍生物+活性炭，对油皮、黑头、毛孔粗大评价最高，洗后清爽不紧绷。差评集中：定价240元/100ml偏贵被认为""男士税""；磨砂颗粒对干皮、敏感肌过度清洁，建议每周用1-2次而非每天；不算""通用洁面""，肤质不匹配会越洗越干。",洁面_7_e8086999e5.jpg
洁面,朗仕,洗面奶（油皮）,125ml,/,"原价：¥200
优惠后：¥183.47","原价单ml：¥1.60 /ml 
优惠价单ml：¥1.47 /ml",赠控油洁面30ml*2+控油泥膜1.5ml,7万+,/,/,/,/,6,控油、深层清洁、疏通毛孔、去黑头、温和洁净、不紧绷,"""靶向控油净澈毛孔"" —— 专为油性肌肤设计，解决因雄激素导致的油脂过量分泌、毛孔粗大及黑头闭口问题，通过源头抑制产油信号实现根源控油，洗后清爽净爽且不紧绷。",,"毛孔净澈洁面啫喱，啫喱质地起泡丰富、薄荷凉感明显，含水杨酸衍生物针对油皮和黑头，洗后清爽不拔干、延缓出油时间被广泛点赞，被推为油皮男生入门款。差评：清洁力对干皮/敏感肌过强容易刺激；薄荷凉感部分人觉得""冲鼻不舒服""；价格仍属男士护肤偏高档位，相比开架氨基酸洁面性价比一般。",洁面_8_5ed8a85494.jpg
洁面,海洋至尊,三棱镜洗面奶2.0,150g,/,"原价：¥119.9
 优惠后：¥59.9","原价单ml：¥0.8 /ml 
优惠价单ml：¥0.39 /ml",赠面露20g+多效乳15g+洗发水60g+沐浴露(木质香)60g+喷雾30ml,100万+,59.9,¥0.39 /ml,无,,184万,控油、祛痘、修护屏障、深层清洁、温和洁净、去黑头,"专研噬油控油祛痘"" —— 专为男士油痘肌设计，解决出油多、痘痘反复及毛孔堵塞问题，通过自研噬油能量元实现根源控油与净澈毛孔，兼顾温和清洁与屏障修护，洗后清爽不紧绷。",,"被博主称作2025男士洁面""黑马""，欧豪同款标签加持，43%氨基酸表活+双重水杨酸+乳糖酸，泡沫绵密、控油去黑头反馈不错、清爽不假滑，价格只要¥59.9性价比相当能打。负面：含水杨酸+薄荷清凉感，敏感肌、屏障受损或干皮长期用容易拔干刺痛；部分用户反馈对顽固黑头、囊肿型痘痘几乎没用，更适合日常清洁辅助而非治痘。",洁面_9_69b7ffc7f0.jpg
洁面,海洋至尊,美白淡斑洁面,120g,高层次海洋香,"原价：¥132.9
优惠后：¥59.72","原价单g：¥1.11 /g
优惠价单g：¥0.50 /g",入会5件礼,20万+,/,/,/,/,/,美白、祛斑、控油、深层清洁、卸妆、保湿、修护屏障,"持证专研祛斑美白"" —— 专为男士暗沉黄黑皮设计，解决因黑色素沉积导致的肤色不均及色斑问题，通过全链路断黑科技实现深层清洁与根源亮白，兼顾控油保湿与温和卸妆，洗后清爽不紧绷。",,"好评集中在氨基酸配方温和、泡沫绵密、洗后不紧绷，多人反馈持续使用2-3周肤色有提亮感，对暗沉有一定改善；男生当成日常洁面也好用。差评/争议点：主要靠表面清洁带来的""提亮""，淡斑功效几乎被吐槽是噱头，干皮长期用可能干燥紧绷，部分用户出现过敏反应，被认为虚假宣传。",洁面_10_f69c1b0a0c.jpg
洁面,海洋至尊,冰沙洁面2.0,150g,/,"原价：¥119.9
优惠后：¥59.9","原价单ml：¥0.8 /ml 
优惠价单ml：¥0.39 /ml",入会5件礼,10万+,59.9,¥0.39 /ml,无,,8.8万,控油、清洁、保湿、舒缓、嫩肤、去角质,"""男士专研8小时长效控油"" —— 专为男性易出油缺水肌肤设计，解决因水油失衡导致的满面油光及粗糙问题，通过立体控油体系与冰沙微珠技术实现深层洁净与8小时持久清爽，兼顾温和去角质与保湿舒缓，洗后冰凉不紧绷。",,高互动笔记普遍认可控油力，实测前4小时哑光、8小时才微出油，冰沙质地清凉感强，43%氨基酸0皂基不紧绷，油皮男生回购率高。差评点：清洁力对干皮过强，冬天用易拔干；水杨酸+乳糖酸对敏感肌可能刺痛，部分人觉得60元价位偏贵。,洁面_11_8b15e7d0de.jpg
洁面,海洋至尊,控油祛痘洁面2.0,151g,/,"原价：¥119.9
 优惠后：¥59.9","原价单ml：¥0.8 /ml 
优惠价单ml：¥0.39 /ml",入会5件礼,8万+,/,/,/,/,8.8万,控油、祛痘、淡印、修护屏障、深层清洁、卸妆、去黑头、平衡水油,"""专研噬油控油祛痘淡印"" —— 专为男士反复油痘肌设计，解决出油多、痘痘反复及痘印残留问题，通过噬油能量元与包裹胶态硫实现16小时长效控油与7天快祛痘，兼顾深层清洁与屏障修护，可卸除淡妆防晒。",,好评点为深层清洁毛孔、防晒淡妆能洗干净、洗后不假滑，配方含包裹水杨酸+超分子水杨酸，闭口痘痘党反馈一周左右红肿痘有缓解。差评/争议：祛痘只是辅助、对囊肿型痘痘无效，干敏皮慎入易爆痘脱皮，宣称的16H控油被部分用户实测打折扣。,洁面_12_81a9168f5b.jpg
洁面,海洋至尊,至尊竹炭深层清肌洁面乳,120g,/,"原价：¥45
 优惠后：¥40","原价单ml：¥0.37 /ml 
优惠价单ml：¥0.33 /ml",入会5件礼,6万+,/,/,/,/,/,去黑头、深层清洁、控油、去角质、卸妆、净肤,"""竹炭深层净透毛孔"" —— 专为男士油性及黑头粉刺肌肤设计，解决毛孔堵塞、黑头堆积及面部粗糙问题，通过竹炭与高领土吸附技术实现深层清洁与去黑头，兼顾温和卸妆与保湿，洗后水润不紧绷。",,"被不少博主称为""黑头终结者""，竹炭吸附油脂感明显，鼻翼小颗粒一周变少，泡沫细腻、男女通用，价位亲民。差评点：清洁力偏强，干皮和敏感肌洗后紧绷起皮，去黑头是物理吸附无法根治、停用即反弹，香精味偏浓不喜者较多。",洁面_13_942a7d38ed.jpg
洁面,海洋至尊,控油舒缓洁面慕斯,150g,/,"原价：¥58.8
 优惠后：¥49.9","原价单ml：¥0.392 /ml 
优惠价单ml：¥0.33 /ml",入会加赠,3000+,/,/,/,/,7000+,温和清洁、控油、舒缓、保湿、修护屏障、褪红、洁面剃须双效,"""敏肌专研洁面剃须双效合一"" —— 专为敏感肌及易出油肤质设计，解决清洁与剃须过程中的脆弱敏感及干燥紧绷问题，通过4+1复配表活体系与多重舒缓成分实现温和净澈与长效控油，达成洗后水润不紧绷、泛红改善的舒缓状态。",,"泵头按压出慕斯泡，省事不用搓，懒人男生最爱，剃须时当剃须膏润滑度够、不拉脸；氨基酸温和，敏肌可用。差评/争议：清洁力相比膏体洁面偏弱、重油皮觉得洗不透，慕斯出量大不耐用，""剃须双效""在小红书讨论极少，被认为更多是营销卖点。小红书原生讨论较少。",洁面_14_4cb5792758.jpg
洁面,谷雨,氨基酸净透洁面液,180ml（单瓶刷头装）/ 450ml（刷头版1支+泵装1支+替换装1支）/ 150ml/支,/,原价：¥99 / 优惠后：¥48.05,原价单ml：¥0.55/ml / 优惠价单ml：¥0.27/ml,/,100万+,99,¥0.55/ml,无,,10万,清洁、净澈毛孔、温和不紧绷、舒缓、氨基酸洁面,"""分区清洁净澈毛孔不伤肤"" —— 专为不同肤质分区肤况的男女用户设计，解决污垢残留、油脂堆积、洗后不适等多重清洁需求，通过专利刷头与SPA级氨基酸洁净科技实现375个按摩触点的科学分区清洁，达成100%毛孔净澈、100%洗后不紧绷、100%温和无刺激。",,【谷雨 氨基酸净透洁面液】小红书互动量高，是品牌爆款。主打氨基酸+自带刷头/泵头设计。好评：泡沫细腻绵密无需起泡网、洗后水润不紧绷、能轻度卸防晒和淡妆、刷头按摩对鼻翼黑头/下巴粉刺有帮助、敏感肌孕妇可用。差评/槽点：浓妆/防水彩妆需先卸妆再用；刷头清洁不到位易藏污；450ml刷头版客单价偏高；个别油皮反馈清洁力略不足。,洁面_15_e76fe00f8c.jpg
洁面,谷雨,控油净透洁面乳,80g（单支装）/ 120g（一支装/两支装）/ 80g双支装 / 120g三支装 / 150g 2支装【重磅新品】,/,原价：¥69 / 优惠后：¥44.33,原价单g：¥0.86/g / 优惠价单g：¥0.55/g,官方立减20元；88VIP95折抵2.45元；淘金币抵0.69元,4万+,¥59（80g*2）,¥0.37/ml,无,,2万+,控油、清毛孔、净彻不紧绷、温和、保湿,"""控油清毛孔净彻不紧绷"" —— 专为中国男性高油脂肤质设计，解决油光满面、洗后紧绷与红敏问题，通过植萃速控油洁颜体系与双重锁水成分实现8H有效控油、全肤质适用，达成净（速控油）、润（不拔干）、柔（温和亲肤）的多效合一净爽体验。",,【谷雨 控油净透洁面乳】小红书白千系列里搭配水乳的搭子单品。好评：温和清洁、泡沫细腻、洗后清爽不拔干、坚持一个月T区出油下降明显、毛孔细化；混油/油痘/敏感肌均反馈友好。差评/槽点：干皮单独使用偏干、清洁力对重彩妆不够要先卸妆、120g/150g大支装单价并不算便宜，与同价位氨基酸洁面相比'差异化'不算突出。,洁面_16_acbd111540.jpg
洁面,谷雨,氨基酸净润洁面乳,60g,/,"原价：¥99
优惠后：¥61.05","原价单g：¥0.55 /g 
优惠价单g：¥0.34 /g",拍1发3支正装,3000+,¥79（60g*3）,¥0.44/ml,无,,10万+,温和清洁、保湿、舒缓、养肤、深层净透,"温和净澈更养肤"" —— 专为全肤质及洁面敏感人群设计，解决清洁力与温和度无法兼顾的痛点，通过3重氨基酸表活体系实现深层净透与根源清洁，兼顾舒缓保湿与屏障修护，洗后清爽不紧绷且不易致敏。",,【谷雨 氨基酸净润洁面乳】小红书真实测评较多。好评：氨基酸配方pH接近肌肤、温和不紧绷不刺痛、泡沫细腻绵密易冲洗无残留、清洁度提升约37%且不拔干、敏感肌/易泛红肌/孕妇可用、有正规备案防伪码；性价比高被称'物超所值'。差评/槽点：不能卸防水彩妆，化妆人群需先卸妆再用；60g容量偏小不够油皮日常用量；与同品牌净透洁面液（带刷头）比，使用仪式感略低。,洁面_17_7fc5689c77.jpg
洁面,谷雨,控油祛痘净澈洁面乳,150g,,"原价：¥79
优惠后：¥50.57","原价单g：¥0.52/g 
优惠价单g：¥0.33 /g",/,2000+,59,¥0.39/ml,无,,3000+,控油、祛痘、去黑头、深层清洁、舒缓、修护屏障、细腻肌肤,"""1泵净油8H控油·7天硬核战痘"" —— 专为重度油痘肌设计，解决面部出油旺盛、痘痘反复及黑头粉刺问题，通过三重氨基酸表活与白泥实现深层净透与根源控油，兼顾舒缓褪红与屏障修护，达成洗后清爽不紧绷的细腻肤感。",,【谷雨 控油祛痘净澈洁面乳】小红书定位为白千控油祛痘系列洁面，常与细肤水、精萃乳一起种草。好评：泡沫丰富细腻、清洁力到位但不过度清洁、不拔干不紧绷、对油痘肌'硬核升级'友好、敏感痘肌反馈也较温和；与水乳搭配实现'清洁→控油→补水→提亮'闭环。差评/槽点：干皮单用偏干、150g大支装客单价不低、控油祛痘以日常护理见长，对重度炎症痘急效感弱；与同价位皂基洁面相比即时清洁感略温和，重油皮可能觉得不够爽。,洁面_18_cd74a70731.jpg
洁面,柯岸,氨基酸洁面慕斯（敏感肌温和保湿）,100ml（单瓶）/ 200ml两瓶装/ 300ml三瓶装,/,"原价：¥109
优惠后：¥60.75","原价单ml：¥1.09 /ml
优惠价单ml：¥0.61 /ml",下单即赠：大豆洁面慕斯30ml+小喷菇精华乳1g,30万+,/,/,/,/,2000+,温和清洁、保湿、舒缓、敏感肌可用、氨基酸洁面、净透,"""敏感肌温和净透氨基酸洁面"" —— 专为敏感肌及干性混合肌设计，解决洁面紧绷、敏感泛红等问题，通过大豆氨基酸表活与温和配方实现深层净透与舒缓保湿，洗后水润不紧绷。",,"小红书博主普遍称作""敏感肌平价氨基酸入门款""，泡沫绵密细腻、清洁温和、洗后不紧绷，适合干敏皮日常基础洁面；价格门槛低、回购率高被对标芙丽芳丝。负面：清洁力对油痘肌偏弱，化彩妆/防晒后还需二次清洁；个别用户反映水流容易出泡过快、用量不易控制，且对有黑头闭口诉求的人作用有限。",洁面_19_76dabb91e3.jpg
洁面,柯岸,氨基酸洁面慕斯（控油祛痘去黑头）,150ml（单瓶）/ 两支装（两瓶装更划算）/ 2件套（300ml替换套装）,/,"原价：¥99
优惠后：¥67.55","原价单ml：¥0.66/ml
优惠价单ml：¥0.45/ml",赠：小喷菇精华乳1g*5+洗发水6g*2,4万+,¥99（150ml*2）,¥0.33/ml,水乳平衡乳小样*5+洁面慕斯30ml旅行装*1,,1万+,控油、祛痘、去黑头、温和清洁、洗卸一体、深层净透,"""24H控油祛痘去黑头温和清洁洗卸一体"" —— 专为男士油痘肌、黑头粉刺设计，解决出油旺盛、痘痘反复与毛孔堵塞问题，通过大豆氨基酸表活实现深层净透与控油祛痘，洗后清爽不紧绷且可卸淡妆防晒。",,"小红书博主反馈控油祛痘去黑头方向明确，泡沫细腻、洗后清爽紧实、对油痘肌、黑头反复人群效果最佳；¥79/150ml囤货价友好。负面：含控油配方+清凉感，敏感肌、屏障受损直接长期用易拔干刺痛；卸妆能力宣传""洗卸一体""但对持久彩妆、强力防晒并不理想；部分人觉得清洁力偏强用完反而促进油脂分泌。",洁面_20_da2fee521c.jpg
洁面,LBR,净澈氨基酸洁面乳,120g（适合油皮/混油皮）/ 240g（控油洁面120g*2支/盒）/ 170g（控油洁面120g+护手霜50g）,/,"原价：¥89
优惠后：¥69.5","原价单g：¥0.74/g
优惠价单g：¥0.58/g","单笔实付满200赠吸油纸1盒；
单笔实付满400赠香体露60g；2件装立减53元",40万+,75.6,¥0.63/ml,"满170元赠吸油纸1盒
满340元赠香体露1瓶",,20万+,控油、清洁、温和、氨基酸洁面、12H持续控油、油皮专用,"""真正控油氨基酸洗面奶12H持续控油"" —— 专为油皮、混油皮设计，解决出油旺盛、毛孔堵塞问题，通过创新复配氨基酸表活与德肤修科技实现深层净透与长效控油，洗后清爽不紧绷。",,"小红书博主评价为""油皮男士实测控油""洗面奶，泡沫细腻、清洁力够、12小时控油宣传基本兑现，配方含氨基酸+德肤修，被对标芙丽芳丝和雅漾。负面：含一定刺激成分、屏障受损/敏感肌、北方冬天用易拔干起皮；卸妆能力对持久彩妆与防晒不足；¥89/120g单价偏高，复购前需评估自己肤况。",洁面_21_2b442f7cb9.jpg
洁面,理然,净润洁面乳,150g（控油体验装单支）/ 150g（抗痘体验装单支）/ 150g*多支量大划算抗痘控油/ 油皮专属（早保湿+晚控油）/ 油痘肌专属（早控油+晚祛痘）/ 痘肌专属（早保湿+晚祛痘）,/,"原价：¥99
优惠后：¥64.87","原价单g：¥0.66/g
优惠价单g：¥0.43/g",满赠,80万+,69.9,¥0.69/ml,买一送一,,2万+,控油、洗净黑头、深层清洁、温和、舒缓、祛痘,"""有效控油洗净黑头"" —— 专为男士油痘肌、黑头粉刺设计，解决出油旺盛、毛孔堵塞与黑头反复问题，通过控油+祛痘双线配方实现深层洁净与温和清洁，洗后清爽不紧绷。",,"小红书博主评价为""理然控油黑头净化""洁面，泡沫细腻、清洁力强、对油皮、黑头粉刺反馈最积极，¥65/150g大容量定位男士平价口粮款。负面：清洁力对干皮、敏感肌偏强，长期用易拔干甚至刺痛；薄荷凉感对屏障受损人群不友好；包装按压头偶尔卡顿；功效定位偏基础，对囊肿型痘痘、严重黑头作用有限。",洁面_22_5a4eb50d29.jpg
洁面,毕生之研,氨基酸白泥洁面乳,100g（1支装）/ 200g（2支装）/ 300g（囤货3支装）,/,"原价：¥81.2
优惠后：¥64.47","原价单g：¥0.81/g
优惠价单g：¥0.64/g",会员下单赠白泥洁面3.0 20g+卸妆油次抛3ml；实付满399元送控油粉饼正装,20万+,69,¥0.69/ml,白泥洁面3020g+卸妆油次抛3ml,,1万+,清洁、净澈、温和、保湿、卸妆、APG表活、油皮温和清洁,"""氨基酸+白泥温和净澈两不误"" —— 专为油皮、混油皮男女设计，解决出油旺盛与肌肤敏感平衡需求，通过24%氨基酸+APG+亚马逊白泥温和复配，0%皂基/SLES，实现深层净澈与温和保湿的双重洁净体验。",,"小红书博主反馈""氨基酸+白泥""温和净澈两不误，泡沫细腻、清洁力适中、对油皮、混油皮反响最好，¥64.47/100g被称作""国货高端氨基酸洁面性价比款""。负面：清洁力对干皮、敏感肌偏强，长期用易拔干；卸妆能力对持久彩妆、防晒不彻底；100g/¥81.2单价中等偏贵；少数反馈管口设计偶有漏液、按压头偶尔卡顿。",洁面_23_f4955c8af3.jpg
洁面,左颜右色,微酸祛痘洗面奶,单支装体验装（150g男士洁面第一）/ 双支装第2瓶30元（150g*2）/ 三支装（三支可用1年）/ 套装郑恺代言护肤礼盒/ 5支装【囤货家庭装】,/,"原价：¥70.5
优惠后：¥56.37","原价单g：¥0.47/g
优惠价单g：¥0.38/g",拍2瓶可得：微酸祛痘洁面150g*2+微酸祛痘洁面15g*3+打泡网*2,100万+,39.97,¥0.26/ml,"微酸祛痘洗面奶150g“3+微酸洁面小样
15g“3+冰川喷雾水100ml1+打泡网”3",,188万+,祛痘、净黑头、淡痘印、控油、深层清洁、男士专用、温和,"""7天祛痘净黑头14天淡痘印持证控油-90.60%"" —— 专为男士油痘肌、黑头粉刺与痘印困扰设计，解决出油旺盛、痘痘反复与黑头堆积问题，通过微酸配方实现持证控油-90.60%、持证祛痘-49.40%、12H长效控油的可见改善。",,"小红书博主誉为""国货男士控油祛痘标杆""，泡沫细腻、清洁力强、对油痘肌、黑头粉刺反响最好，¥56.37/150g超大瓶国民价。负面：清洁力对干皮、敏感肌偏强，长期用易拔干刺痛；卸妆能力对持久彩妆、防晒不够；¥70.5原价偏贵；少数反馈瓶口偶有漏液、按压头偶尔卡顿；销量3000万+但部分用户认为是""大于功效的营销""。",洁面_24_d75ea043da.jpg
洁面,左颜右色,去角质凝胶,150g（贵在运费）/ 300g（第二支20元/店长推荐）/ 300ml（深层补水 控油醒肤）,/,"原价：¥49.9
优惠后：¥38.87","原价单g：¥0.33/g
优惠价单g：¥0.26/g",/,100万+,/,/,/,/,/,去角质、深层清洁毛孔、控油、平滑肌肤、改善粗糙、温和,"""去角质面部死皮深层清洁毛孔"" —— 专为男士肤质粗糙、毛孔堵塞困扰设计，解决老废角质堆积、毛孔黑头与皮肤暗沉问题，通过凝露搓泥型温和去角质实现深层清洁与平滑肌肤，洗后细腻光滑。",,"小红书博主反馈""凝胶搓泥+去角质""思路新颖，使用感舒爽、对粗糙暗沉皮肤约2-3次有可见改善，¥38/150g大容量价格友好。负面：搓泥粒并非真死皮（实为成胶剂），实际去角质效果有限；敏感肌、屏障受损慎用；油皮过度使用反而促进油脂分泌；少数反馈泵头偶尔卡顿；30ml/300ml规格命名混乱不便选购。",洁面_25_c42fd52d32.jpg
洁面,左颜右色,火山泥去黑头洁面乳,单瓶尝鲜装（150g祛痘去黑头/男士洗面奶）/ 双支装第2瓶20元（天猫次日达）/ 2支装（控油·美白·淡斑淡痘印）/ 套装（祛痘去黑头护肤套装）,/,"原价：¥59.9
优惠后：¥47.37","原价单g：¥0.40/g
优惠价单g：¥0.32/g",/,80万+,/,/,/,/,/,祛痘、控油、去黑头、强效吸油脂、滋润温和、深层清洁,"""祛痘控油洗去黑头国货男士洁面销量第一"" —— 专为油痘肌男士设计，解决出油旺盛、毛孔黑头与痘痘反复问题，通过火山泥配方实现清爽净毛孔、强效吸油脂、祛痘清黑头与滋润温和的多效合一洁净体验。",,"小红书博主誉为""国货男士洁面销量第一""，火山泥配方对油痘肌、黑头粉刺反响最积极，泡沫细腻、清洁力强、洗后毛孔可见净化。负面：清洁力对干皮、敏感肌偏强，长期用易拔干甚至引发屏障受损；¥47.37/150g单价中等；薄荷感对屏障弱化人群刺激；功效定位偏基础，对囊肿型痘痘、严重黑头作用有限。",洁面_26_21a312f0dd.jpg
洁面,左颜右色,美白洁面乳,1支装（男士洁面第1升级120g大容量）/ 2支装（超90%用户选择/120g大容量）/ 3支装（荣登3大天猫榜单 7天试用）/ 5支装（囤货家庭装/全网热销400万+）/ 2件套（天猫次日达/永辉等商超爆卖）/ 3件套（痘印面积-19.9%）,/,"原价：¥58.8
优惠后：¥46.37","原价单g：¥0.49/g
优惠价单g：¥0.39/g",/,10万+,69.9,¥0.46/ml,美白洗面奶150g“2+美白洁面15g“1+打泡网“2,,30.7万+,美白、淡斑、控油、淡化痘印、深层清洁、改善暗沉、4维美白配方,"""7天美白14天白透亮郑恺代言"" —— 专为男士暗沉黄黑皮、痘印色斑困扰设计，解决肤色不均、出油暗沉与色斑沉积问题，通过4维美白配方实现色斑-11.31%、出油量-67.50%、光泽度+154.17%的可见改善。",,"小红书博主誉为""郑恺代言美白洁面""，泡沫细腻、对暗沉黄黑皮反响积极，宣传数据可见改善，¥46.37/120g大容量学生党友好。负面：美白功效需持续使用4周以上、洁面停留时间短作用有限；清洁力对干皮、敏感肌偏强，长期用易拔干；销量400万+但部分用户认为是""大于功效的营销""；管口偶有漏液。",洁面_27_7272cafa25.jpg
洁面,自然部落,洁面乳,300g（控油祛痘洁面乳）,植萃淡香,"原价：¥119
优惠后：¥77.47","原价单g：¥0.40/g
优惠价单g：¥0.26/g",/,1万+,/,/,/,/,/,控油、祛痘、清洁、温和、清爽不紧绷、植萃淡香、男士专研,"""控油祛痘洁面乳洗走油痘清爽不紧绷"" —— 专为油痘肌男士设计，解决出油旺盛、痘痘反复与肌肤紧绷问题，通过氨基酸柔活配方与植萃淡香实现深层清洁与温和洁净，洗后清爽不紧绷的舒适肤感。",,"小红书博主反馈""自然部落控油祛痘洁面""性价比高，泡沫细腻、清洁力适中、对油痘肌温和不紧绷，¥77.47/300g大容量被誉为""国货洁面平价款""。负面：祛痘功效偏基础、对中重度痘痘作用有限；植萃淡香味偏淡、追求香氛感的人会失望；少数反馈管口偶有漏液；¥119原价偏贵，需大促入手；卸妆能力对持久彩妆和强力防晒不彻底。",洁面_28_eb4a48ce99.jpg
洁面,溪木源,洁面乳,200g（常规款/居家使用）/ 120g（一件装/常规款）,/,"原价：¥109
优惠后：¥64.25","原价单g：¥0.55/g（200g）
优惠价单g：¥0.32/g（200g）",买即赠爽肤水15ml；5/21-5/26限时加赠（即时可用）,30万+,/,/,/,/,/,控油、祛痘、净黑头、清爽、不泛油、温和清洁、氨基酸洁面,"""祛痘净黑头清爽不泛油"" —— 专为男士油痘肌、黑头粉刺设计，解决出油旺盛、痘痘反复与黑头堆积问题，通过氨基酸温和配方实现控油祛痘与深层净透，洗后清爽不泛油不紧绷。",,"小红书博主誉为""溪木源男士洁面入门款""，氨基酸温和+祛痘净黑头思路明确、对油痘肌、混油皮反响最好，¥64.25/200g大瓶性价比突出。负面：清洁力对干皮、敏感肌偏强，长期用易拔干；祛痘对囊肿型痘痘效果有限；¥109原价偏贵；少数反馈管口偶尔漏液、按压头偶尔卡顿；薄荷凉感对屏障受损人群刺激。",洁面_29_ef5cedeaa4.jpg
面护,科颜氏,男士水乳套餐,"爽肤水250ml
+乳液75ml",清凉薄荷香调,"原价：¥665
优惠后：¥523.47",/,"赠 男士爽肤水40ml × 3
赠 男士保湿乳液15ml × 4",30万+,/,/,/,/,/,清洁毛孔、补水、保湿、控油、舒缓、提亮、改善暗沉,"""肌肤冰美式""净爽醒肤。专为男性设计的水乳套组，三步护理流程（先清洁→再平衡→后保湿），深层清洁油脂污垢、平衡水油平衡、长效保湿不黏腻，解决男士出油、干燥、面部暗沉等困扰，带来清爽醒肤体验。",,"博主普遍推荐给油皮、混油、熬夜暗沉男士，水乳清爽好推、吸收快、不搓泥不油腻，含水杨酸版本控油和稳痘评价正向，作为基础""省心三步""性价比尚可。差评：爽肤水有人觉得水状肤感留有黏腻感，桉树薄荷香被嫌""像花露水""、靠近眼周会刺；乳液夜间厚涂油皮易闷闭口；干敏皮反馈保湿力一般。",面护_2_9532334af5.jpg
面护,科颜氏,高保湿精华水乳套,高保湿水250ml + 高保湿霜125ml（共375ml）,/,"原价：¥935
优惠后：¥793.47",/,"基础赠品：
高保湿水40ml*7 + 高保湿霜14ml*7 + 随行牛仔格化妆包*1

直播间加赠：高保湿水40ml*1",6000+,高保湿精华水250ml+第三代高保湿霜50ml（共300ml）,/,送正装高保湿霜125ml*1+格纹化妆包,,2.8万,补水、保湿、锁水、舒缓修护、强韧屏障、长效保湿、改善干燥,"""补水+锁水""双重滋润CP。专为肌肤缺水与屏障受损人群设计，直击干燥起皮、紧绷泛红、灼热不适等问题，通过补水锁水协同作用，实现1小时稳屏障、72小时长效锁水，令肌肤水润舒适强韧。",,"干皮、敏感肌秋冬刚需，角鲨烷+冰川蛋白主打长效保湿，乳霜被形容""上脸化开成保护膜""、修护屏障和抗泛红口碑稳。争议点：¥793套装价格被吐槽贵，常等节促或买小样；油皮、夏天和南方湿热环境用偏厚重，需减量或只晚上用；保湿型不主打美白抗老，功效党觉得""基础但平淡""；瓶身偏大不便携。",面护_3_a40e914414.jpg
面护,科颜氏,男士活力爽肤水,250ml,/,"原价：¥305
优惠后：¥263.47","原价单ml：¥1.22 /ml
优惠价单ml：¥1.05 /ml","赠 男士洁面30ml * 1
赠 男士爽肤水40ml * 2
赠 男士保湿乳15ml * 1",10万+,305,¥1.22 /ml,"买1赠4件礼
男士保湿乳15ml*1+男士洁面30ml*1+男士爽肤水40ml*2",,4150,补水、保湿、控油、清洁、舒缓、焕亮,专为男士设计的“醒神咖啡”，快速补水控油，改善暗沉与倦容，解决肌肤油腻、干燥紧绷与剃须后不适问题，带来清爽不粘腻的活力肤感。,,"油皮混油皮男生反馈最多，称是""油田救星""，含薄荷醇凉感明显、抗坏血酸+咖啡因+红景天提味，控油+毛孔细腻+剃须后舒缓都是高频好评点。质地清爽不黏腻、吸收快。差评主要集中在专柜价偏高、250ml瓶身偏小不耐用；干皮反馈保湿力不足、单用会紧绷；敏感肌需注意薄荷凉感可能刺激。",面护_4_e1f9ae60fd.jpg
面护,科颜氏,高保湿精粹水,250ml,/,"原价：¥295
优惠后：¥253.47","原价单ml：¥1.18 /ml
优惠价单ml：¥1.01 /ml",赠高保湿水40ml*5,40万+,295,¥1.18 /ml,"买250ml到手共450ml量
赠高保湿水40ml*5",,4.4万,补水、保湿、舒缓、二次清洁,3大明星成分温和补水，改善干燥紧绷、起皮粗糙等干皮困扰，令肌肤水润舒适，适用于多种肤质。,,"被称为""干皮神水""，秋冬空调房口碑爆棚。透明质酸+冰川糖蛋白+角鲨烷成分受推崇，质地像精华水有微稠感，无酒精无香精敏感肌可用，湿敷后上妆不卡粉、肌肤软嫩。差评点：纯油皮觉得偏黏腻、夏天用闷；价格偏贵但容量不算大；要搭配面霜才能锁水，单用对极干肌不够。",面护_5_ebd14eb4f8.jpg
面护,科颜氏,金盏花爽肤水,"250ml
500ml",/,"250ml规格：
原价：¥350
优惠后：¥308.47

500ml规格：
原价：¥580
优惠后：¥488","250ml规格：
原价单ml：¥1.40 /ml
优惠价单ml：¥1.23 /ml

500ml规格：
原价单ml：¥1.16 /ml
优惠价单ml：¥0.98 /ml","买250ml正装，到手总量为490ml

买500ml正装，到手总量为980ml",100万+,"250ml：¥350
500ml：¥580","250ml：¥1.40 /ml
500ml：¥1.16 /ml","250ml：买250ml到手490ml（赠金盏花水40ml*6）+格纹卡套
500ml：买500ml到手980ml（赠金盏花水40ml*12+格纹卡套）",,"250ml：5.3万
500ml：4238",补水、保湿、控油、舒缓、修护、祛痘、二次清洁,"核心噱头：肌肤清火「凉茶」。

卖点总结：专为油痘肌设计的“灭火器”，通过手摘金盏花与全新修护多肽，精准解决痘痘、泛红、油光等肌肤问题，实现源头抑痘与舒缓修护。",,"经典明星款，混油/痘肌/敏感肌的""维稳水""。无酒精无香精、含金盏花瓣，湿敷镇静泛红、消闭口、夏天冰镇后体感更佳。差评集中：保湿力一般，纯干皮秋冬单用拔干；价格逐年上涨被吐槽""刺客""；瓶子玻璃易碎、不便携；部分用户认为不能直接缩毛孔，宣传有夸大嫌疑。",面护_6_e06ceb2239.jpg
面护,科颜氏,男士保湿乳液,75ml,清凉薄荷香调,"原价：¥360
优惠后：¥318.47","原价单ml：¥4.80 /ml
优惠价单ml：¥4.25 /ml","赠：男士洁面30ml × 1
+男士爽肤水40ml × 1
+男士保湿乳15ml × 2",6万+,342,¥4.56/ml,"买1赠4件礼
男士保湿乳15ml*1+男士洁面30ml*1+男士爽肤水40ml*1",,1707,保湿、锁水、补水、控油、提亮、改善暗沉、舒缓,"""肌肤冰美式""醒肤抗倦。专为男士设计的水润乳液，针对男士出油、暗淡、干燥紧绷等肌肤问题，清爽不油腻配方注入活力，唤醒疲惫肌，告别暗淡重现光泽，实现全天候清爽水润体验。",,定位油皮/混油皮和熬夜党男生，质地水润轻薄、吸收快不黏腻，含薄荷醇带凉感，夏天体验佳。维C+欧洲栗+角鲨烷成分被夸抗氧化提亮、控油不闷痘。差评：干皮反馈保湿力不够、需叠面霜；薄荷凉感对敏感肌可能刺激；75ml容量小、单价偏贵性价比一般；部分用户觉得效果与同价位日系男士乳液差距不大。,面护_7_97040bdc1f.jpg
面护,朗仕,控油洁面水乳套装,控油洁面125ml + 控油水200ml + 控油乳液50ml,/,"原价：¥820
优惠后：¥678","原价单ml：¥2.18
优惠价单ml：¥1.81 /ml",赠控油洁面30mlx2+控油乳液15mlx3+控油泥膜1.5ml,4万+,/,/,/,/,/,控油、深层清洁、疏通毛孔、去黑头、祛红痘印、舒缓、保湿,"""男士专研控油三部曲"" —— 专为男性油痘肌设计，解决因雄激素导致的整日油光、毛孔粗大及反复长痘问题，通过靶向净油科技实现12小时持久控油与净澈毛孔，同时改善闭口与红痘印。",,"包含洁面+爽肤水+俊范乳液，针对25+熬夜党都市男士，控油+抗糖抗氧化是核心卖点。乳液被夸轻薄不闷痘、哑光肤感；爽肤水含咖啡因清爽提神。整体反馈""护肤新手友好、男生入门套装""。差评：套装定价678元偏贵，单买更划算；极干皮冬天觉得乳液保湿不够；小红书讨论度低于科颜氏男士线，深度测评相对较少。",面护_8_9267421bcd.jpg
面护,朗仕,保湿洁面水乳套装,多功能洁面100ml + 蓝宝瓶充能水200ml + 充能保湿乳50ml,/,"原价：¥1020
优惠后：¥878.47","原价单ml：¥2.91 /ml 
优惠价单ml：¥2.51 /ml","赠蓝宝瓶充能水200ml
直播间加赠多功能洁面30mlx3+充能保湿乳20mlx2",9000+,/,/,/,/,361,保湿、修护、抗初老、淡纹、焕亮、舒缓,"男士专研抗初老保湿"" —— 专为缺水初老肌肤设计，解决因压力与年龄增长导致的干燥暗沉、粗糙老化及屏障弱化问题，通过激活细胞能量实现深层补水、强韧修护与淡褪细纹，重焕肌肤活力。",,"博主常推这套""充能保湿三部曲""，洁面氨基酸+皂基复配清洁力强但不拔干，带薄荷清凉感；爽肤水含咖啡因+玻尿酸，号称提神补水；乳液主打抗糖抗氧、改善熬夜暗沉。差评点集中在套装总价878偏贵，干皮和酒精敏感人群在冬季可能觉得保湿力一般，需另叠面霜；薄荷清凉感对敏感肌有刺激风险。",面护_9_fc393d25e4.jpg
面护,朗仕,面部精华,50ml,/,"原价：¥750
优惠后：¥608.47","原价单ml：¥15.00 /ml
优惠价单ml：¥12.17 /ml",赠充能保湿乳20mnl,1万+,/,/,/,/,/,抗皱、修护、改善肤质、防御、保湿,"日防夜修抗皱修护"" —— 专为熬夜男士设计，解决因熬夜导致的肌肤暗沉粗糙、干燥细纹及氧化老化问题，通过日防御夜修护科技实现深层修护与抗老，改善肤质并提升肌肤防御力。",,"博主常聚焦其""五重胜肽矩阵+黑麦籽+玻尿酸+神经酰胺""配方，凝露质地吸收快、无酒精无香精，敏感肌也能上脸，部分用户反馈坚持用一两个月细纹和紧致度有改善。差评在价格——50ml ¥608被不少人吐槽""刺客""、性价比低；功效感受因人而异，年轻肌或熬夜党可能短期看不出明显变化，被吐槽有""智商税""嫌疑。",面护_10_baf412a346.jpg
面护,朗仕,面霜（保湿补水）,50ml,/,"原价：¥580
优惠后：¥499.47","原价单ml：¥11.60 /ml 
优惠价单ml：¥9.99 /ml",赠多功能洁面30mlx3+蓝宝瓶30mx2,2万+,/,/,/,/,/,保湿、抗初老、修护屏障、淡纹、抗氧,"日修夜护长效保湿抗初老"" —— 专为男性缺水肌肤设计，解决因疏于护理导致的干燥粗糙及初老纹路问题，通过革新「水盾」科技实现48小时持久保湿与屏障修护，质地轻盈化水不粘腻，达成深层滋润与抗氧抗老的双重功效。",,"被称作""水凝面霜""，含海藻糖+玻尿酸+抗氧复配，质地水润不黏腻、吸收快是主要好评点，干敏皮和换季泛红用户说能强屏障、缓解紧绷；油皮夏天单用也不闷痘。差评主要集中在保湿力对极干皮冬季""不够顶""，需要叠加精华或封闭性更强的面霜；¥499/50ml价格被认为只能算中规中矩，平替很多。",面护_11_ab60ccab10.jpg
面护,朗仕,面霜（紧致抗皱）,50ml,/,"原价：¥990
优惠后：¥909.47","原价单ml：¥19.80 /ml
优惠价单ml：¥18.19 /ml",赠锋范爽肤水30mlx3+锋范面霜7ml,1万+,/,/,/,/,65,抗老、抗皱、紧致、淡纹、修护、保湿,"""男士专研根源抗老紧致"" —— 专为男性断崖式衰老特征设计，解决因细胞能量消耗大导致的皮肤松弛、纹路明显及疲态问题，通过黄金胜肽矩阵与NAD+修护酶实现深层抗老与轮廓紧致，达成淡褪纹路与提升下颌线的双重功效。",,"小红书针对该款单品的独立笔记数量较少，多与""朗仕锋范抗老线""一同被讨论，主打多胜肽、紧致淡纹，质地厚润但被反馈不油腻、上脸有提拉感，30+男士反馈坚持用脸部线条更利落。最大争议是¥909价格被吐槽""男士面霜天花板""""劝退价""，且抗皱属慢效，短期看不到明显变化；试用装不退换也被部分用户提醒。",面护_12_72455a9f73.jpg
面护,朗仕,多功能乳液,50ml、100ml,/,原价：¥350 (50ml) /¥520 (100ml),"50ml原价单ml：¥7.00 /ml
100ml原价单ml：¥5.20 /ml",赠乳液20ml*2,10万+,/,/,/,/,8,保湿、控油、补水、舒缓、平滑、哑光,"""男士专研哑光保湿控油"" —— 专为男士混合性肌肤设计，解决T区出油、脸颊干燥及肤质粗糙问题，通过多效合一配方实现清爽保湿与持久控油，达成哑光不油腻的平滑肤感。",,"俊范多效乳液在男士护肤榜单常被点名""经典老品牌""""一瓶搞定控油+保湿+抗初老""，质地清爽哑光、含生物酵素+甘油+玻尿酸+植物萃取，25+轻熟男和护肤新手好评率高，木质香被认为很男人。差评是味道偏浓有人不喜欢；油皮觉得保湿尚可、控油不是顶级；100ml ¥495的定价被吐槽""小红书种草贵""，需活动入手才划算。",面护_13_c69b3bd862.jpg
面护,朗仕,爽肤水（保湿）,200ml,/,原价：¥300,原价单ml：¥1.50 /ml,赠蓝宝瓶30mx4,3万+,/,/,/,/,216,保湿、修护屏障、提亮、细腻、须后舒缓,"男士专研细胞充能保湿"" —— 专为男性肌肤代谢能量不足设计，解决因压力与年龄导致的干燥老化及屏障弱化问题，通过激活细胞能量开关实现深层保湿与屏障修护，达成水润细腻的平滑肤感。",,"""蓝宝瓶充能水""在男士爽肤水榜单几乎是常驻款，HYDRA2G锁水科技+咖啡因+玻尿酸，质地清爽不黏腻、提神感强，剃须后镇定也被夸；好评点集中在""早晨叫醒脸""。但也有不少人吐槽""用着像水""""效果一般""，极干皮冬季单用不够保湿；含微量酒精，敏感肌部分用户反馈刺痛；¥300/200ml在男士基础水里属偏贵段。",面护_14_2f629dfe35.jpg
面护,朗仕,爽肤水（控油）,200ml,/,原价：¥240,原价单ml：¥1.20 /ml,赠控油洁面30ml,2万+,/,/,/,/,7,控油、平衡水油、舒缓、修护、温和,"男士专研靶向控油平衡"" —— 专为男士雄激素导致的过度出油设计，解决油田、毛孔粗大及油痘不适问题，通过靶向抑制产油信号实现根源控油与水油平衡，质地清透不刺激。",,"净油焕肤水（俗称""绿瓶""）油皮和混油皮回购率高，含金缕梅+薄荷醇+尿囊素，主打净化收敛+控油+清凉，T区湿敷5分钟后毛孔变细、闷痘减少是高频好评。差评点：薄荷清凉感对敏感肌、刚刮完胡子的破损皮肤可能刺痛；干皮、屏障受损人群完全不建议；并非速效祛痘，需要长期用，短期没看到效果就放弃的用户不少。",面护_15_2f629dfe35.jpg
面护,朗仕,充能乳液,50ml,/,"原价：¥480
优惠后：¥418.47","原价单ml：¥9.60 /ml 
优惠价单ml：¥8.37 /ml",赠充能保湿乳20mlx2,4万+,/,/,/,/,65,保湿、抗初老、淡纹、修护屏障、改善泛红,"""男士专研细胞充能抗初老"" —— 专为男性细胞能量匮乏导致的干燥暗沉及初老纹路设计，解决因代谢迟缓引起的肌肤老化问题，通过激活AMPK细胞能量开关实现深层保湿、淡褪细纹与强韧修护。",,"第二代充能保湿乳液被定位为""轻熟男25+抗初老乳液""，质地清爽不油、吸收快，含生物酵素+甘油+玻尿酸；很多熬夜党反馈坚持用气色变好、暗沉淡化、T区出油减轻，木质清香加分。差评：50ml ¥418单价被觉得贵，更推荐买100ml或套装；保湿力被极干皮觉得偏弱、冬天需要叠面霜；有用户反馈和品牌爽肤水叠涂有轻微搓泥。",面护_16_0e71658e2a.jpg
面护,海洋至尊,"控油水乳套装
（至尊蓝藻水律控油水+蓝藻水律控油乳）","控油水：120ml
控油乳：120g",/,原价：¥159,/,,3万+,/,/,/,/,800+,控油、补水、保湿、平衡水油、舒缓、细腻焕肤、修护屏障,"男士专研水油平衡控油保湿"" —— 专为男性皮脂腺活跃、易出油肤质设计，解决满面油光、外油内干及肤质粗糙问题，通过多效控油成分与保湿体系实现即时控油与深层补水，达成清爽哑光、水润不紧绷的健康肤质。",,"好评聚焦在质地清爽不黏腻、吸收快，T区出油和闭口在两周内有可见改善，男生简化护肤步骤刚需，性价比OK。差评/争议：主打成分蓝藻被质疑营销大于实效，敏感肌反馈泛红刺痛需先试用，干皮觉得保湿力不足，效果因人而异并非""神物""。",面护_17_e7a7c3b76d.jpg
面护,海洋至尊,"美白水乳套装
（海洋至尊美白爽肤水
+海洋至尊美白润肤乳）","水：120ml
乳：120g",/,原价：¥179,/,赠美白洁面面30g*美白水20g美白乳15g,4万+,/,/,/,/,2.3万,美白、淡斑、淡印、提亮、减黄、匀净、补水、保湿、控油,"""专研377美白淡印匀净"" —— 专为男士暗沉、痘印及肤色不均问题设计，解决因黑色素沉积导致的黄黑皮与瑕疵困扰，通过377成分与多重美白科技实现根源抑黑、淡褪色斑与痘印，达成透亮匀净的白皙肤感。",,"377+烟酰胺+熊果苷的组合受关注，测评称坚持1个月有提亮、痘印淡化效果，质地清爽不闷痘，夏季油皮友好。差评/争议：377浓度未公开被怀疑添加量低，淡斑效果几乎没人反馈到位，烟酰胺对敏感肌有刺激风险，""美白""更像是日常维稳级别。",面护_18_588fae297d.jpg
面护,海洋至尊,多效精华补水喷雾（爽肤水）,30g,/,原价：¥129.9 / 优惠后：¥75.37,原价单g：¥4.33/g / 优惠价单g：¥2.51/g,入会至高6件礼：多效乳3g+洗面露3g+冰沙霜3g等；下拉入会享更多权益,1万+,79.9,¥0.799/ml,赠多效精华乳15g*1+同款精华喷雾30ml*1,,1.7万,控油、祛痘、紧致、保湿、补水、提亮、改善暗沉、修护,"""喷雾式固态精华一瓶速攻油痘暗垮"" —— 专为男士油皮设计，解决出油多、痘痘暗沉与肌肤垮塌问题，通过创新喷雾固态精华技术实现8H控油、紧致提亮，达成水润醒肤效果。",,"小容量便携，夏天/化妆后随手一喷有清凉感，香味自然像草本，搭配防晒前打底好评。差评/争议：30g价格75元被吐槽偏贵不耐用，喷头雾化粗细不均，保湿力只能算""瞬时""，干燥环境下越喷越干，小红书原生讨论很少，更多是品牌套装内捎带评价。",面护_19_0805f8973d.jpg
面护,海洋至尊,美白爽肤水,120ml（单支）/ 双支装,/,原价：¥109 / 优惠后：¥87.47,原价单ml：¥0.91/ml / 优惠价单ml：¥0.73/ml,入会加赠：吸油纸1盒+洁面露小样*1+控油乳小样*1；30天无理由退换,3000+,/,/,/,/,/,美白、亮肤、控油、保湿、抑黑、淡黄,"""光耀控油美白亮白抑黑"" —— 专为男士油腻暗黄肤质设计，解决面部油光与黄黑暗沉问题，通过多方位焕白抑黑成分实现亮白抑黑、清爽水润，达成清润透亮的健康肤色。",,"小红书针对该单品的独立笔记极少，多数提及夹在水乳套装一起评价：质地清爽吸收快、含海洋萃取+烟酰胺，油皮夏天用着舒服，二次清洁感有。差评/争议：87元120ml性价比一般，烟酰胺浓度成谜，宣称的""美白""功效被多数用户认为不明显，敏肌建议建立耐受。",面护_20_a2f03e014f.jpg
面护,海洋至尊,多效精华乳液,100g（1支装）/ 双支装,/,原价：¥152.9 / 优惠后：¥72.32,原价单g：¥1.53/g / 优惠价单g：¥0.72/g,入会至高6件礼：多效乳3g+洁面露3g+冰沙霜3g等；下拉入会抢人才补贴大额券,10万+,69.9,¥0.16/ml,赠多效精华乳3g*2,,26万,控油、祛痘、补水、保湿、亮肤、修护,"""一瓶多效直击干油痘糙"" —— 专为男士复合肌肤问题设计，解决出油、闭口痘与糙黑暗沉问题，通过噬油能量元与6效合一配方实现控油-66.64%、祛痘-28.88%、补水+45.32%、亮肤+31.12%。",,"抖音/小红书互动量最高的单品之一，欧豪代言加持，双11卖出15万瓶。好评点：啫喱质地、上脸不黏，控油+保湿+提亮一瓶搞定，懒人男生神器。差评/争议：6效合一被质疑""什么都做但都不精""，干皮觉得保湿不够、需叠面霜，痘肌部分反馈闷痘，烟酰胺刺激敏感肌。",面护_21_b354f153b8.jpg
面护,海洋至尊,控油乳,50ml（小包装）/ 双支装,/,原价：¥109 / 优惠后：¥87.47,原价单ml：¥2.18/ml / 优惠价单ml：¥1.75/ml,入会加赠：吸油纸1盒+洁面露小样*1+控油乳小样*1,3000+,/,/,/,/,872,控油、补水、保湿、平衡水油、提亮、醒肤,"""SCL运动感水律控油"" —— 专为男性活跃皮脂腺设计，解决满面油光、缺水暗沉问题，通过三重控油科技与海洋系成分实现酷爽控油、水润醒肤，达成清爽不黏腻的活力肤感。",,"男生用户普遍反映质地清爽不黏腻，凝露状好推开，吸收快，T区出油量明显减少，油皮和混油皮夏天用比较舒服，价格在男士护肤里属于亲民款。差评点集中在""控油是真的，但补水偏弱""，大干皮用完会觉得脸紧绷，秋冬单用不够；也有人吐槽香味偏工业感、瓶身设计偏中年；少数用户反馈对痘肌改善不明显。",面护_22_9730314a79.jpg
面护,海洋至尊,保湿舒缓焕能霜,30g（小规格）/ 50g（正装）,/,原价：¥94 / 优惠后：¥65.37,原价单g：¥1.88/g / 优惠价单g：¥1.31/g,入会至高7件礼：多效乳3g+洗面露3g+冰沙霜3g等；下拉入会抢人才补贴大额券,2万+,63.9,¥2.13/ml,洁面3g+焕能霜3g,,4.3万,补水、保湿、舒缓、修护屏障、淡红、抗皱、抗痘,"""1H速修沙漠肌7天击破外油内干"" —— 专为男士外油内干、屏障脆弱肌设计，解决干燥、面部红区、油光与抗皱需求，通过6效合一焕能科技实现皮肤水润+12.28%、面部红区-17.12%、单颗痘痘体积-19.49%、皮肤弹性+27.39%。",,"主打""外油内干""人群，笔记里好评多是质地轻薄好吸收、含神经酰胺和积雪草、上脸不闷痘，秋冬换季泛红起皮有缓解，男生当面霜单涂也能扛。争议点是保湿力被部分干皮用户评价为""中等偏下""，北方暖气房需要叠精华；也有人说膏体偏稀、50g用得快不算超值；舒缓效果对真正敏感肌只能算合格。",面护_23_de1451e70f.jpg
面护,海洋至尊,清肌祛痘膏,20g/支（1支装）/ 拍2到手7件,/,原价：¥108.9 / 优惠后：¥69.3,原价单g：¥5.45/g / 优惠价单g：¥3.47/g,618拍2即赠：三棱镜20g+多效精华乳15g+祛痘洁面15g等；2件更划算,3万+,/,/,/,/,5000+,祛痘、淡印、消红肿、抑痘、温和焕肤,"""专效祛痘少反复7天退痘-53.82%"" —— 专为男士反复油痘肌设计，解决油腻痘、压力痘、上火痘与顽固痘印问题，通过进口祛痘因子实现7天抑痘褪红，达成93.94%有效祛痘、87.88%改善红肿、78.79%淡化痘印。",,"含烟酰胺，主要做局部点涂，笔记反馈""红肿痘2-3天瘪下去""的好评不少，对刚冒头的闭口和小红痘起效较快，膏体保湿不拔干，男生用后没有刺痛。但宣传的""7天-53.82%""被不少用户质疑，认为是品牌实验室数据，对囊肿型大痘和成片爆痘几乎没用；痘印淡化效果一般，需配合其他产品；20g/¥69单价偏贵；少数敏感肌反映点涂后有轻微泛红。",面护_24_04a7b9677e.jpg
面护,海洋至尊,舒缓焕能冰沙霜,50g（1支装）/ 多支套装,/,原价：¥82.3 / 优惠后：¥55.37,原价单g：¥1.65/g / 优惠价单g：¥1.11/g,入会至高5件礼：多效乳3g+洗面露3g+冰沙霜3g等；下拉入会抢人才补贴大额券,3000+,/,/,/,/,3.4万,降温、褪红、控油、保湿、舒缓、修护,"""高保湿深补水晒后修护一抹降温-8℃"" —— 专为夏日油热肌、晒后红敏肌设计，解决晒红晒伤、刺痛泛红、干燥脱皮与油光满脸问题，通过冰沙凝润科技实现即时降温褪红、15分钟控油保湿、2周强韧修护。",,"小红书相关讨论较少，多见于品牌投放和电商页。可见反馈集中在""冰凉触感""——刚上脸有降温感觉，夏天和晒后救急比较解暑，质地像冰沙啫喱、清爽不油，混油皮接受度高。差评点是""降温-8℃""更多是即时凉感、不等于真正修复晒伤，敏感肌晒后泛红用完仍需叠加积雪草精华；保湿和修护深度不够，大晒后脱皮还得换专业修护；对干皮偏鸡肋。",面护_25_8f816e652d.jpg
面护,谷雨,控油水+控油乳,200ml【控油抑痘】水+乳 / 240ml清洁控油 / 320ml【限定礼盒】洁水乳套组 / 320ml【专属礼盒】洁水乳套组 / 320.1ml【重磅新品】抗皱紧致修护舒缓 / 320ml【洁水乳+痘痘贴】 / 350ml洁面+水+乳 / 340ml洁面+水+乳+祛痘精华,/,原价：¥219 / 优惠后：¥143.83,/,会员赠3件随行礼：男士控油水20ml+男士控油洁面20g+男士控油乳10ml,10万+,199,/,男士控油洁面120g+男士控油水120ml+男士控油乳80ml+男士礼盒礼袋,,10万+,控油、祛痘、补水、保湿、亮肤、修护、抗皱、紧致,"""横扫油痘糙细肤更强韧"" —— 专为男士油痘糙的复合肌肤问题设计，解决油光满面、脓包痘频发、毛孔粗大与黑痘印问题，通过谷雨男士专研套装实现油脂-21.66%、脓包痘-81.43%、黑痘印-15.36%的6重肌肤问题改善。",,【谷雨 控油水+控油乳（白千系列）】小红书'油皮天菜''百万推荐'标签下高频出镜，主打互生叶白千层叶水+水粉双相控油+厚朴树皮提取物。好评：8小时持续控油、闭口和痘痘改善明显、毛孔细致、质地清爽不黏腻不搓泥、敏感肌孕期也能用、性价比高（学生党友好）。差评/争议：干皮反馈秋冬偏干需叠面霜；部分用户认为控油效果在重度油田上仅'中等'；规格较多（多套装组合）容易选错；KOL投放密集导致'踩雷'反馈也不少。,面护_26_6320d195c9.jpg
面护,谷雨,控油祛痘多效精华乳,60ml*2（2瓶/买正装送正装）,/,原价：¥129 / 优惠后：¥75.65,原价单ml：¥1.08/ml / 优惠价单ml：¥0.63/ml,官方立减30元；88VIP95折抵4.95元；13元红包；买正装送正装,1万+,¥99（60ml*2）,¥0.825/ml,无,,1万+,控油、祛痘、保湿、磨皮（细肤）、淡痘印、提亮,"""一瓶吸油去痘磨皮多效合一"" —— 专为男士出油旺盛、痘痘频发、毛孔粗糙的复合肤况设计，解决重要场合油光、熬夜蜡黄、护肤不当导致的粗糙敏感问题，通过谷雨男士多效精华乳实现痘痘-39.42%、提亮+12.31%、毛孔-11.08%、15min速控油-21.74%油脂、保湿+34.66%、7天淡痘印。",,【谷雨 控油祛痘多效精华乳】小红书'买正装送正装'机制配合白千系列种草，定位为油痘肌精华乳。好评：控油+补水平衡好、肤感细腻温和不致痘、痘痘和闭口改善、毛孔缩小反馈多、敏感肌可用。差评/争议：成分党认为'多效'概念偏笼统、'祛痘'宣称在国内监管口径下偏弱；起效需2-4周，急于祛痘的用户体验感一般；包装两瓶装搬运不便。,面护_27_e2fbed9381.jpg
面护,谷雨,控油匀亮爽肤水,120ml,/,原价：¥139 / 优惠后：¥88.35,原价单ml：¥1.16/ml / 优惠价单ml：¥0.74/ml,会员赠同款1/2正装量（男士控油水20ml*3）；联名礼盒礼袋,4000+,¥99（120ml）,¥0.825/ml,送男士控油水20ml*1+男士控油乳10ml+男士控油洁面20g,,900+,控油、补水、提亮、匀肤色、舒缓、修护,"""清爽减油光细腻匀肤色"" —— 专为中国男性高出油「油糙脸」肤质设计，解决油脂旺盛、油光满面、毛孔粗大与肤色不均问题，通过3重植萃控油组方与专利Aquaxyl+水解透明质酸+自研极光甘草实现15min减油+77.75%补水、4周细腻焕亮，达成-21.20%油脂、+13.86%光泽度、-17.65%粗糙的实测改善。",,【谷雨 控油匀亮爽肤水】小红书白千系列同款种草。好评：精准控油、毛孔细化、配方含积雪草/甘草酸二钾舒缓修护、神经酰胺/泛醇加持屏障、用后能淡化痘印让肤色更均匀。差评/槽点：质地偏水质，干皮觉得保湿不够需要叠加面霜；瓶口设计有用户吐槽'出量不可控'；闻起来有植物原料味，喜欢清香型的人接受度一般。,面护_28_8980d3927f.jpg
面护,谷雨,控油修护乳液,80ml,清新雪松木质香调,"原价：¥129
优惠后：¥81.73","原价单ml：¥1.61 /ml
优惠价单ml：¥1.02 /ml",赠男士控油洁面20g,3000+,/,/,/,/,/,控油、祛痘、淡印、修护屏障、补水保湿、舒缓、提亮、改善暗沉,"""男士专研15分钟速效控油祛痘"" —— 专为男性油痘肌及油糙脸设计，解决面部出油旺盛、痘痘反复及痘印暗沉问题，通过三重控油体系与独家极光甘草技术实现快速净痘、淡化痘印与长效哑光控油，兼顾补水舒缓与屏障修护，质地清爽不粘腻。",,【谷雨 控油修护乳液】小红书'油皮天菜''百万推荐'标签热门款，白千控油修护系列单品。好评：8小时持效控油、轻盈不黏腻吸收快、痘痘闭口和毛孔改善反馈集中、含积雪草+甘草酸二钾修护成分、不含酒精香精、敏感肌/孕期可用并有药监局备案。差评/槽点：干皮秋冬使用偏干；外观容量平平价位中等被部分用户认为不算便宜；市面同类白千控油产品多，差异化容易被淹没。,面护_29_bb00c6a906.jpg
面护,柯岸,男士三合一精华乳,50g（1支装/水乳精华三合一）/ 单支装（长效高保湿/50g）/ 1瓶装（诺奖支持 熬夜不垮脸）,/,"原价：¥149
优惠后：¥88.05","原价单g：¥2.98/g
优惠价单g：¥1.76/g",/,6万+,109,¥2.18/ml,无,,2000+,补水、保湿、控油、舒缓、长效水润、抗熬夜、改善暗沉,"""补水保湿长效控油凝乳质地一抹化水"" —— 专为男士熬夜疲惫、油皮缺水困扰设计，解决干燥紧绷、出油暗沉问题，通过华熙生物专利成分实现水乳精华三效合一，达成长效水润与控油兼具的活力肤感。",,"小红书博主反馈是""懒人三合一""代表，凝乳一抹化水补水控油、清爽不油腻，混油、油皮夏天评价最高；¥99/50g定价对男士护肤友好。负面：滋润度对干皮、北方冬季偏不够，需叠加面霜；功效定位偏基础，抗老/淡纹诉求难满足；包装按压头出量不稳定，少数反映用一段时间会有轻微闭口。",面护_30_a34e47d708.jpg
面护,LBR,深海清爽面膜,10片/盒（25ml/片）/ 20片【10片/盒*2】/ 12片【10片/盒+2片】,/,"原价：¥109
优惠后：¥85.9","原价单片：¥10.9/片
优惠价单片：¥8.59/片",单笔实付满200赠吸油纸1盒；单笔实付满400赠香体露60g,7万+,92,¥9.2/片,"满170元赠吸油纸1盒
满340元赠香体露1瓶",,1万+,深补水、强舒缓、清爽控油、保湿、提亮、轻盈水感,"""深补水强舒缓深海精华面膜"" —— 专为缺水疲惫与油皮控油需求设计，解决干燥紧绷、暗沉粗糙问题，通过深海水与昆布藻提取物结合石墨烯促吸收技术实现深层补水与轻盈水感，达成清爽舒缓的肌肤状态。",,"小红书博主反馈""补水+控油""双线面膜思路新颖，敷后水感轻盈、对夏日油腻发热的肌肤有舒缓降温作用，10片装¥85.9性价比可接受。负面：精华液量偏中等不算多；对深层抗皱、美白等强功效需求满足有限；干皮敷完仍需后续乳液锁水；少数反馈面膜布裁剪偏大，鼻翼贴合度欠佳。",面护_31_193db74f2f.jpg
面护,LBR,双重酵母稳肤面霜,50g（舒缓保湿面霜）/ 100g（保湿面霜50g/瓶*2）,/,"原价：¥169
优惠后：¥141.9","原价单g：¥3.38/g
优惠价单g：¥2.84/g",单笔实付满200赠吸油纸1盒；单笔实付满400赠香体露60g,3万+,143,¥2.86/ml,"满170元赠吸油纸1盒
满340元赠香体露1瓶",,1万+,保湿、舒缓、抗皱、紧致、控油、修护屏障,"""一瓶多效油皮稳肤面霜双重酵母"" —— 专为油皮稳肤需求设计，解决出油旺盛、初老纹路与屏障弱化问题，通过双重酵母裂解物实现控油、保湿、舒缓、抗皱、紧致五效合一，达成水油平衡的健康肤质。",,"小红书博主反馈""油皮稳肤面霜""清爽不油腻，质地轻盈水乳化、保湿与抗皱兼具，对25+男士初老需求有可见改善；50g/¥141.9定位中端。负面：滋润度对干皮、北方冬季偏不够，需叠加面油；价格相比国货偏贵；起效需要持续使用至少4周；少数反馈使用初期会有轻微闭口适应期。",面护_32_eda19ee88e.jpg
面护,LBR,水乳套装,260ml【爽肤水140ml+乳液120g】/ 260g【洁面120g+爽肤水140ml】/ 240g【洁面120g+乳液120g】/ 170g【洁面120g+面膜50g】/ 190ml【爽肤水140ml+面膜50g】,/,"原价：¥214
优惠后：¥174.9","原价单ml：¥0.82/ml
优惠价单ml：¥0.67/ml",单笔实付满200赠吸油纸1盒；单笔实付满400赠香体露60g,2万+,181,¥0.70/ml,"满170元赠吸油纸1盒
满340元赠香体露1瓶",,2万+,保湿、控油、补水、舒缓、强韧屏障、滋润,"""轻透爽肤水+清爽劲肤乳液水乳套装"" —— 专为油性肌肤设计，解决干燥紧绷与出油失衡问题，通过保湿舒缓水乳搭配实现深层补水与控油修护，达成水油平衡的清爽肤感。",,"小红书博主称作""男士入门水乳标配""，140ml+120g套装大容量、控油保湿平衡好、清爽不粘腻，¥174.9性价比对男士护肤友好。负面：水乳功效偏基础，针对暗沉、抗皱、美白等高阶诉求需要叠加精华；包装高度偏高浴室收纳不友好；按压泵出量偏大、不易控制；干皮使用反馈需配合面霜锁水。",面护_33_c26a2b80a2.jpg
面护,LBR,轻透爽肤水,140ml（控油、保湿、舒缓）/ 260ml【洁面120g+水140ml】,/,"原价：¥118
优惠后：¥98.9","原价单ml：¥0.84/ml
优惠价单ml：¥0.71/ml",单笔实付满200赠吸油纸1盒；单笔实付满400赠香体露60g,2万+,100,¥0.71/ml,"满170元赠吸油纸1盒
满340元赠香体露1瓶",,7000+,保湿、舒缓、控油、补水、不腻易吸收,"""保湿+舒缓油皮挚爱爽肤水"" —— 专为油性肌肤男士设计，解决干燥缺水与出油不平衡问题，通过红没药醇等舒缓成分实现深层保湿与控油兼具，水润不腻易吸收的清爽肤感。",,"小红书博主评价""红没药醇舒缓+控油保湿""思路对油痘肌友好，质地清爽、易吸收、屏障修护与控油双线兼顾。负面：收敛感对超大油田男士不够；干皮、敏感肌起初使用可能有轻微刺感；瓶身玻璃感重不便携；140ml/¥98.9对照国货品牌定价偏高。",面护_34_305112524b.jpg
面护,LBR,清爽劲肤乳液,120g（控油、保湿、舒缓）,/,"原价：¥126
优惠后：¥105.9","原价单g：¥1.05/g
优惠价单g：¥0.88/g",单笔实付满200赠吸油纸1盒；单笔实付满400赠香体露60g,2万+,107,¥0.89/ml,"满170元赠吸油纸1盒
满340元赠香体露1瓶",,4000+,控油、保湿、舒缓、滋润、清爽不粘腻,"""多效乳液舒缓滋润控油"" —— 专为油皮男士设计，解决出油旺盛与干燥紧绷不平衡问题，通过红没药醇等舒缓成分实现水润保湿与控油兼具，达成清爽不粘腻的肌肤状态。",,"小红书反馈定位为""水乳套装中的乳液款""，质地轻盈、控油保湿表现稳定、夏季油皮夜用反响最好；¥105.9可单买配自己习惯的水。负面：滋润度对干皮、北方冬季偏不足；瓶身没有按压头，老式倒出来不便；功效定位偏基础，抗老/淡纹诉求难满足；少数用户反馈使用一段时间脸颊会出现细小闭口需观察。",面护_35_61e997cc99.jpg
面护,理然,男士面霜,单支装（换季必备 保湿修复）/ 双支装（补水+修护组合）/ 正常规格（清洁+补水组合）/ 一个装（有效补水和修护组合）,/,"原价：¥159.9
优惠后：¥96.87",/（视具体规格而定）,/,3万+,/,/,/,/,/,保湿、舒缓、修护屏障、补水、敏感肌可用、滋润,"""清爽补水保湿多维修护肌肤"" —— 专为敏感肌、屏障受损人群设计，解决干燥紧绷、泛红与敏感不适问题，通过华熙生物创新成分透明质酸锌实现深层补水、强韧屏障与多维修护，达成清爽水润与敏感肌可用的舒缓肤感。",,"小红书博主誉为""理然大白瓶""敏感肌可用面霜，质地清爽水乳化、保湿与舒缓修护双线兼顾，对换季敏感、屏障受损人群恢复快。负面：滋润度对北方冬天干皮偏不够；¥159.9/瓶单价偏贵性价比一般；起效需持续使用至少2-3周；少数反馈气味略带药感不喜的人会觉得不适；瓶口偏大不便携。",面护_36_fcec1c808b.jpg
面护,理然,祛痘精华液,50ml（理然有效护痘肌的精华液）,/,"原价：¥193.9
优惠后：¥154.17","原价单ml：¥3.88/ml
优惠价单ml：¥3.08/ml",/,5000+,/,/,/,/,/,祛痘、控油、修护、舒缓、温和、淡化痘印,"""有效祛痘更温和7天痘痘-47.33%"" —— 专为男士油痘肌、敏感痘肌设计，解决痘痘反复、红肿不退与肌肤敏感问题，通过有效护痘配方实现7天痘痘-47.33%的可见改善，兼顾控油、修护、舒缓多重功效，温和不刺激。",,"小红书博主反馈""7天痘痘-47.33%""宣传比较实，对男士油痘肌、压力痘有可见改善，控油+祛痘+修护+舒缓四效合一思路明确。负面：50ml/¥154单价偏贵性价比一般；对囊肿型痘痘、闭口效果有限，不是医美级别；起效需持续使用至少2周；个别用户反馈使用初期局部会刺痛、需建立耐受；包装按压头出量不易控制。",面护_37_b3686f3803.jpg
面护,毕生之研,五环磨皮调理精华,30ml（五环Air4.0）/ 40ml（五环精华30ml+点痘精华10g）/ 15ml（入门尝鲜推荐）/ 60ml双瓶囤货优选（30ml*2）,/,"原价：¥223
优惠后：¥168.47","原价单ml：¥7.43/ml（30ml）
优惠价单ml：¥5.62/ml（30ml）",会员赠100%正装五环精华4.0 15ml*2；实付满399元送控油粉饼正装,50万+,84,¥5.6/ml,赠五环精华7.5ml,,10万+,磨皮、去闭口、收缩毛孔、改善粗糙、祛痘、控油、温和不刺激、0%果酸/水杨酸,"""五环无酸焕肤4.0细毛孔更透亮"" —— 专为闭口粗糙、毛孔粗大与油痘肌设计，解决闭口反复、粗糙暗沉与毛孔显眼问题，通过0%果酸/水杨酸的温和不刺激配方实现磨皮去闭口、收缩毛孔与祛痘控油的多重功效，达成细致透亮的肌肤状态。",,"小红书博主誉为""国货闭口克星""，0酸2%酶温和不刺激思路新颖、对闭口、毛孔粗大与油痘肌反响最积极，被视作SK-II小灯泡平价替代。负面：单价¥168.47/30ml偏贵、需持续使用至少4周才有可见改善；对囊肿型痘痘、深痘印效果有限；包装滴管头偶尔吸液不稳；干皮单用偏不够保湿，需配合面霜锁水。",面护_38_9a0364b657.jpg
面护,毕生之研,水乳套装,湿敷2件套（五环水300ml+五环乳100g）/ 基础2件套（五环水100ml+五环乳100g）/ 进阶3件套（五环水100ml+五环乳100g+五环精华4.0-30ml）/ 整全4件套（五环水300ml+五环乳100g+五环精华4.0-30ml+酸梅汤面膜5g）,/,"原价：¥199
优惠后：¥148.47",/（套装规格不一）,会员赠4件礼：五环水15ml+五环乳10g+五环精华4.07.5ml+酸梅汤面膜5g；实付满399元送控油粉饼正装,8万+,169,/,五环乳10g×2+五环水15ml×2,,10万+,控油、补水、保湿、祛闭口、修护、温和不酸、0酸2%酶,"""大油皮水乳0油少闭口"" —— 专为大油皮、闭口反复人群设计，解决出油旺盛、闭口顽固与肌肤敏感问题，通过0酸2%酶配方与87%橄榄水/2%PL-Sefling/水解素/PL-Relief油的温和成分实现深层补水、控油净肤与减少闭口的多重功效。",,"小红书博主称作""大油皮水乳天花板""，0酸2%酶配方温和、对大油皮、闭口反复人群效果最好，¥148.47基础2件套被称作国货水乳性价比之选。负面：滋润度对干皮、北方冬季偏不够；价格对学生党仍偏贵；起效需持续使用至少2-3周；少数反馈乳液质地偏稠、用量不易控制；包装高度偏高、浴室收纳不友好。",面护_39_7eb148f3b0.jpg
面护,左颜右色,男士保湿霜,1瓶（男士专研高保湿强锁水/50g）/ 2瓶（第二瓶仅20元/长效保湿）,/,"原价：¥49.9
优惠后：¥38.87","原价单g：¥1.00/g
优惠价单g：¥0.78/g",/,10万+,/,/,/,/,/,保湿、长效保湿、强锁水、清爽好吸收、控油、改善干燥,"""一抹巨保湿清爽好吸收251%保湿率"" —— 专为男士干燥缺水肌肤设计，解决干燥紧绷、吸收不佳问题，通过251%保湿率配方实现深层补水与长效锁水，达成清爽好吸收的水润肤感。",,"小红书博主称作""男士平价保湿天花板""，质地清爽、好吸收、对干皮、混油皮反响积极，¥38.87/50g学生党友好。负面：滋润度对北方冬季、干皮偏不够，需叠加面油；功效定位偏基础，抗老/淡纹诉求难满足；少数反馈使用一段时间会有轻微闭口；包装罐子设计不便携、容易污染。",面护_40_fc0df22e36.jpg
面护,左颜右色,毛孔收缩精华液,30ml（毛孔收缩精华液30ml）/ 80g（毛孔收缩液30ml+保湿霜50g）/ 130（更大套装）,/,"原价：¥79.9
优惠后：¥64.37","原价单ml：¥2.66/ml
优惠价单ml：¥2.15/ml",/,10万+,44.5,¥1.48 /ml,/,,1万+,收缩毛孔、控油、补水、提亮、改善粗糙、横扫油痘肌,"""收缩粗毛孔横扫油痘肌"" —— 专为油痘肌、毛孔粗大男士设计，解决毛孔显眼、出油旺盛与缺水暗沉问题，通过特殊配方实现含水量提升+8.66%、毛孔面积减少-19.53%、毛孔直径缩小-17.86%的可见改善。",,"小红书博主誉为""男士面部精华榜第2名""，毛孔收缩+控油思路对油痘肌反响最好，宣传数据可见改善，¥64.37/30ml价格中等。负面：单一精华功效偏窄、对全套护肤需求满足有限；起效需持续使用至少4周；对重度毛孔粗大、深痘印效果有限；少数反馈滴管头偶尔吸液不稳。",面护_41_25ea4fe73a.jpg
面护,左颜右色,补水保湿面霜,单支装（男士护肤品第一/清爽不油）/ 2瓶装（超95%用户选择/1抹全天保湿）/ 双支装（荣登3大天猫榜单/7天试用）,/,"原价：¥49.9
优惠后：¥38.87","原价单g：约¥1.00/g
优惠价单g：约¥0.78/g",/,10万+,34.95,¥0.69/ml,"氨基酸面霜50g*2+
氨基酸面霜小样3g*4",,29.6万+,保湿、控油、清爽、长效水润、改善出油、化水质地,"""1抹化水巨保湿控油超清爽23倍保湿力"" —— 专为男士出油干燥不平衡肤质设计，解决干燥缺水与油光满面问题，通过23倍保湿力配方实现保湿+227.05%、出油量-81.07%的可见改善，达成全天清爽水润肤感。",,"小红书博主誉为""男士面霜回购榜第16名""，1抹化水质地、清爽不油、对油皮、混油皮反响最积极，全网爆卖100万+性价比突出。负面：滋润度对北方冬季、干皮偏不够；¥38.87低价定位被部分用户质疑配方简单；少数反馈使用一段时间脸颊会出现细小闭口；包装泵头偶尔卡顿。",面护_42_54559dc02f.jpg
面护,蓝系,咖啡因熬夜精华眼棒2.0,7.5g（单支装经典眼棒）/ 黑金眼棒（正常规格）,/,"原价：¥89
优惠后：¥71.07","原价单g：¥11.87/g
优惠价单g：¥9.48/g",买就送保湿面膜1片；会员赠¥10会员专享券+洁面乳1支；消费满159加赠,4000+,79,10.5/g,/,/,21.5万+,淡化黑眼圈、保湿、舒缓、抗皱、淡纹、改善熬夜眼周,"""早晚一笔改善熊猫眼""—— 专为熬夜男士眼周困扰设计，解决黑眼圈、眼袋与细纹问题，通过咖啡因+保湿+舒缓+抗皱配方实现MCTC真人实测100%去除色素沉淀、明显淡化黑眼圈，达成早晚一笔即用的便捷眼部抗熬夜方案。",,"小红书博主誉为""咖啡因眼棒熬夜党救星""，金属冷感按摩+咖啡因配方对黑眼圈、眼袋与浮肿有可见改善，¥71/7.5g便携、男女通用。负面：单价偏贵；持续使用4周以上才有可见改善；对深层结构性眼袋（脂肪堆积）效果有限；少数反馈金属棒在眼周划过过冷、敏感肌不适；包装容量小、用量耗速快。",面护_43_0c33f12fb9.jpg
素颜霜,朗仕,素颜霜,50ml,/,"原价：¥400
优惠后：¥358.47","原价单ml：¥8/ml 
优惠价单ml：¥7.16/ml",赠多功能洁面30ml+蓝宝瓶充能水30ml,1万5+,/,/,/,/,/,匀亮、遮瑕、保湿、自然提亮、隐匿毛孔、舒润,"""男士专研自然修容"" —— 专为男性肌肤设计，解决肤色暗沉、瑕疵明显及上妆厚重问题，通过护肤级柔光科技实现轻透自然的遮瑕与匀亮，达到无妆感的自然好气色，同时兼顾保湿舒润。",,"男生素颜霜里属于""自然不假白""代表，提亮+遮瑕泛红效果被夸真实，质地清爽哑光、油皮上脸不糊；可水洗免卸。负面声音主要是持妆只有4-5小时，T区夏天易脱妆需补散粉；干皮直接上会卡纹，需先做保湿打底；50ml ¥358单价偏高，被认为不如平价男士BB划算。",素颜霜_2_f76e20fe5c.jpg
素颜霜,海洋至尊,控油哑光霜,50g（1支装）/ 双支装,/,原价：¥59.9 / 优惠后：¥46.37,原价单g：¥1.20/g / 优惠价单g：¥0.93/g,入会加赠：吸油纸*1盒+全能乳小样*1+洁面露小样*1；拍即赠：洁面露小样*3,5万+,/,/,/,/,176,控油、补水、保湿、祛痘、淡印、净痘,"""一瓶多效直击干油痘"" —— 专为男士水油失衡的混油痘肌设计，解决面部油光、闭口痘与皮肤粗糙问题，通过蓝藻水律控油科技实现控油补水、轻透保湿、祛痘褪印，呈现清爽哑光肤感。",,"性价比是这款最大的标签，¥46价位、油皮男生口碑不错，上脸有明显哑光感，T区出油控制肉眼可见，毛孔视觉变细，含蓝藻发酵成分，夏天通勤党反复回购。差评主要是""哑光=略干""，干皮和混干用完会卡纹起屑，需要先打底；冬天不适合单用；部分用户反映膏体偏厚推开费劲，吸收前会有短暂泛白；香味也有人觉得偏男士古龙调略冲。",素颜霜_3_3a09b99e87.jpg
素颜霜,海洋至尊,控油自然素颜霜,50g（1支装）/ 双支装,/,原价：¥123 / 优惠后：¥75.01,原价单g：¥2.46/g / 优惠价单g：¥1.50/g,入会至高6件礼：多效乳3g+洗面露3g+冰沙霜3g等；颜色：原生自然色/阳光小麦色/偏肤色,20万+,79,¥1.58/ml,洁面露3g*2+多效乳3g*1,,37.6万,匀亮、自然提亮、遮瑕、防水、防蹭、控油持妆、轻薄服帖,"""自然好气色遮瑕不假白"" —— 专为男士肤色不均、瑕疵显眼困扰设计，解决暗沉、毛孔与痘印瑕疵问题，通过3种色号定制与防水防蹭配方实现自然提亮、有效遮瑕，达成轻薄服帖的零妆感肤色。",,"男士伪素颜赛道里讨论度较高的一款，笔记好评多在""不假白、提亮一档、肤色看起来更干净""，对鼻翼泛红和淡痘印有约6-7成遮瑕，控油持久度尚可，全脸均匀不像戴面具，上班/约会被夸""气色好""。差评主要是色号偏少、深肤色容易显灰；油皮夏天后期会暗沉返油；遮严重痘印和黑眼圈不够；个别用户反馈卸妆不彻底会闷痘。",素颜霜_4_651c37cd03.jpg
素颜霜,海洋至尊,晶透水光美白素颜霜,35g（1支装）/ 套装,/,原价：¥98.9 / 优惠后：¥77.47,原价单g：¥2.83/g / 优惠价单g：¥2.21/g,入会加赠：全能乳小样*1+洁面露小样*1+冰沙霜小样*1；新会员拍1套到手4件,2万+,/,/,/,/,/,美白、淡斑、提亮、自然亮肤、遮盖痘印、丝滑成妆、防水防汗,"""10S快上妆自然0妆感28天美白淡斑"" —— 专为男士底妆顾虑与暗黄瑕疵肌设计，解决怕麻烦、怕妆效假、怕大油田与笔挺不住等四大痛点，通过99%烟酰胺与水光美白科技实现亮肤不假白、养肤内源生、水润不卡纹的原生零妆感。",,"定位""水光提亮""，好评点是上脸有微微珠光、显气色，含烟酰胺类成分长期用感觉肤色更均匀，质地比哑光款更润，干皮和混干接受度更高，约会场景出片好看。差评集中在""水光=容易出油反光""，油皮夏天用半天就泛油光像出汗；35g容量在素颜霜里偏小、单价不便宜；部分用户觉得""美白""主要靠物理提亮而非真正变白；浅色号对深肤色不友好。",素颜霜_5_48d054dc4b.jpg
素颜霜,海洋至尊,控油遮瑕素颜霜（新品）,30g（1支装）/ 套装,/,原价：¥98.8 / 优惠后：¥66.02,原价单g：¥3.29/g / 优惠价单g：¥2.20/g,入会至高7件礼：多效乳3g+洗面露3g+冰沙霜3g等；下拉入会抢人才补贴大额券,7000+（新品）,59.9,¥2/ml,无,,3.4万,控油持妆、遮瑕、自然提亮、隐匿瑕疵,"""偷懒式变帅10秒零妆感伪素颜"" —— 专为熬夜暗沉、油田瑕疵的男性设计，解决肤色暗沉、毛孔粗大与痘印瑕疵问题，通过黑魔方修颜科技实现自然肤色不假白、近距离无妆感、12H控油持妆的伪素颜效果。",,"作为新品在小红书有一批男士博主测评，""黑魔方""包装识别度高，遮瑕力被认为是海洋至尊素颜霜里较强的一款，痘印、毛孔、鼻翼红可遮约6-7成，控油持续3-4小时，膏体细腻不卡粉。争议点是30g装¥66偏贵、用量不省；遮瑕强=厚重感略明显，干皮容易卡在法令纹；色号选择少、白皮可能略深；也有黑猫投诉提到宣传遮痘印效果与实际有落差。",素颜霜_6_081054054b.jpg
素颜霜,谷雨,控油焕亮素颜霜,50g,/,"原价：¥89
优惠后：¥61.35","原价单g：¥1.78 /g
优惠价单g：¥1.23 /g",赠5g随行装,4000+,69,¥1.38/ml,送男士素颜霜5g,,3000+,遮瑕、提亮、控油、保湿、舒缓、防水防汗、持妆,"""男士专研徒手速提亮"" —— 专为追求自然妆感的男士设计，解决面部暗沉、瑕疵及肤色不均问题，通过微米级质地与调色技术实现轻松上妆、自然遮瑕与即时提亮，达成裸感不假白的健康肤质。",,【谷雨 控油焕亮素颜霜】小红书测评多与'白千松露控油修护轻颜霜'或男士素颜霜混用，主打提亮+控油+轻颜+遮瑕。好评：奶霜慕斯质地推开即融、不卡粉不搓泥、自然提亮一两个色号不假白、混油/敏感肌可用、能淡淡遮毛孔。差评/争议：油田T区夏季会闷痘/搓泥；素颜霜遮瑕力有限不能替代底妆；部分用户反馈'假白'或与本身肤色不贴合；持妆能力一般，需配合定妆。,素颜霜_7_21028c6db4.jpg
素颜霜,绿所,原初修颜乳（素颜霜）,30g,皓白00、本真01、金麦02、琥珀03,"原价：¥129
优惠后：¥90.9","原价单g：¥4.30/g
优惠价单g：¥3.03/g",/,8万+,95,¥3.17/ml,赠同款修颜乳中样5ml*2+绿所氨心洁面乳30g*1+试色卡三联包*1,,30万+,匀亮、遮瑕、保湿、控油、提亮、自然贴肤,"""无感化理容底妆原相机直拍"" —— 专为男女通用素颜需求设计，解决肤色不均、瑕疵明显与妆感厚重问题，通过四种色号匹配与四大专利成分实现保湿控油兼具、贴近自然本色的轻盈乳液质地，达成原相机直拍也能成就第一印象的自然底妆效果。",,"小红书博主评价为""男生底妆入门首选""，自然好上手、不假白、控油持妆约6小时表现稳定，遮瑕力中等可叠涂修饰痘印；性价比相对左颜右色更高级一档。负面反馈：干皮直接用会卡粉起皮，需先打底妆前乳；金麦色号偏深需注意试色；个别用户反馈对闭口和大瑕疵遮盖不够，且按压头出胶量难控制易浪费。",素颜霜_8_09ba7d92ee.jpg
素颜霜,绿所,轻雾修颜乳,30g,皓白00、本真01、金麦02、琥珀03,"原价：¥169
优惠后：¥117.9","原价单g：¥5.63/g
优惠价单g：¥3.93/g",/,1万+,122,¥4.06/ml,赠同款修颜乳中样5ml*2+试色卡三联包*1,,1万+,遮瑕、控油、持妆、雾面、提亮、保湿,"""无感化理容轻雾持妆"" —— 专为通勤、会议、社交、拍照场景设计，解决出汗、油光、摩擦下底妆卡粉斑驳、出油暗沉、假面假白等失控问题，通过轻雾质地与控油成膜技术实现持久不脱妆、雾面服帖与自然遮瑕的全天候底妆体验。",,"小红书反馈定位为""原初修颜乳进阶版""，雾面持妆显著优于轻乳款、更适合上镜与社交拍照，肤感不油不假面、08小时挑战不脱妆；混油皮、油痘肌评价最积极。负面：上脸略干需配合保湿乳/喷雾，干皮慎入；价格¥117偏贵小贵；皓白00色号偏白需混色使用；少数反映成膜后久了会有微微紧绷感、近距离能看到细微哑光纹理。",素颜霜_9_554f44bff4.jpg
素颜霜,柯岸,自然轻感无瑕修颜乳,50g（单支装）/ 两支装（自然色+肤色）,003肤色、白皮哑光色、自然色、深肤色,"原价：¥89
优惠后：¥42.35","原价单g：¥1.78/g
优惠价单g：¥0.85/g",/,6万+,49,¥1.63/ml,修颜乳肤色2g*1+自然色2g*1,,10万+,遮瑕、自然提亮、控油、保湿、轻薄服帖、匀亮肤色,"""陈圆圆同款自然遮瑕痘印素颜霜"" —— 专为男士肤色不均、痘印瑕疵困扰设计，解决暗沉、毛孔与痘印问题，通过3种色号匹配实现轻薄哑光与自然遮瑕，达成无妆感的好肤色。",,"小红书博主誉为""陈圆圆同款""自然系男士BB霜，遮瑕能力中等、上脸不假面、控油持妆约6小时表现稳定；003自然色覆盖度好，被称作""男生底妆口粮款""。负面：偏黄皮上脸略发灰需混色；干皮直接用易卡粉起皮要叠保湿；遮瑕力对深痘印、闭口效果有限，痘肌严重者需配合遮瑕笔。",素颜霜_10_96547c3e60.jpg
素颜霜,LBR,多效遮瑕修颜霜,#3号修颜霜48g（适合黄黑皮肤）/ #3号修颜霜48g+控油洁面120g套装/ #1号清透素颜霜50g（适合黄黑皮肤）/ #2号裸肌素颜霜50g（适合白皙皮肤）/ 修颜霜48g+旅行装2g,#1号清透色（适合黄黑皮肤）、#2号裸肌色（适合白皙皮肤）、#3号修颜色（适合黄黑皮肤）,"原价：¥100
优惠后：¥78.9","原价单g：¥2.08/g
优惠价单g：¥1.64/g",单笔实付满200赠吸油纸1盒；单笔实付满400赠香体露60g,5万+,85,¥1.77/ml,"满170元赠吸油纸1盒
满340元赠香体露1瓶",,2万+,遮瑕、自然修饰肤色、保湿、提亮、裸妆感、控油,"""多效素颜霜懒人霜裸妆遮瑕"" —— 专为肤色不均、瑕疵明显困扰的男士设计，解决暗沉、痘印瑕疵问题，通过3种色号匹配不同肤色实现自然修饰与轻薄遮瑕，达成裸妆感的好气色。",,"小红书博主誉为""男士BB霜性价比款""，#3号自然遮瑕反馈最多、伪素颜效果好、控油持妆约5-6h；¥78.9/48g用量大不浪费。负面：色号偏少（仅3号），白皮、肤色偏白男生选不到合适色号；持妆中后期鼻翼T区会浮粉；保湿度对干皮一般，需先打底；包装管设计塑封拆装不便。",素颜霜_11_f3067f30a9.jpg
素颜霜,理然,焕亮理肤素颜乳,自然色50g（单支装）/ 自然色50g*2（控油遮瑕 百搭肤色）,自然色,"原价：¥89.9
秒杀价：¥52.52","原价单g：¥1.80/g
秒杀单g：¥1.05/g",/,20万+,59.9,¥1.19 /ml,/,/,5000+,遮瑕、控油、自然提亮、保湿、易抹易卸不脱妆,"""一抹遮瑕自然控油"" —— 专为追求自然好肤色的男士设计，解决暗沉、瑕疵明显与上妆假白问题，通过透明质酸钠+北美金缕梅水+药蜀葵孔腺萃取的控油保湿配方实现自然遮瑕与轻薄不脱妆，达成不假面的好气色。",,"小红书博主反馈""自然色一抹好肤色""评价积极，质地清爽不假面、控油持妆约5-6h、对暗沉黄皮提亮自然，¥52秒杀价被称作男士BB入门款。负面：色号单一仅自然色，白皮上脸略显黯沉、深肤色覆盖力又不够；遮瑕力对深痘印、闭口效果有限；保湿度对干皮一般，需先打底；50g/¥89.9单价偏贵。",素颜霜_12_6583e58536.jpg
素颜霜,左颜右色,自然若真男士素颜霜,50g（单瓶 偏白色/偏肤色）/ 修颜霜2瓶（偏肤色 自然遮瑕适合黄黑皮）/ 素颜霜2瓶（偏白色 自然提亮不假白）/ 拍一发五尝鲜装（素颜霜小样2g*4）,偏白色（自然提亮不假白，适合偏白肤色）/ 偏肤色（自然遮瑕，适合黄黑皮）,"原价：¥89.9
秒杀价：¥55.89","原价单g：¥1.80/g
优惠价单g：¥1.12/g",拍一发五尝鲜装：素颜霜小样2g*4；,100万+,69.9,¥1.4/ml,素颜霜小样(偏白色)2g“4,,8.6万+,遮瑕、遮痘、自然提亮、防水防汗、服帖不卡粉、清爽不粘腻,"""易抹变帅遮瑕遮痘自然不假白"" —— 专为追求自然好肤色男士设计，解决暗沉、瑕疵明显与上妆假白问题，通过两种色号（偏白色/偏肤色）匹配实现防水防汗、自然遮瑕与服帖不卡粉，达成清爽不粘腻的伪素颜效果。",,"小红书博主评价为""郑恺同款国货BB霜""，遮瑕力中等、上脸不假面、防水防汗持妆约5-6h、对油痘肌、暗沉肌反响最积极。负面：色号仅2种（偏白/偏肤色），混合肤色或冷白皮选不到合适色；保湿度对干皮一般，需先打底；50g/¥55秒杀价偏低端、留香不足；少数反馈瓶口太小、用量不易控制、配色塑料感重。",素颜霜_13_cebf83481c.jpg
唇膏,马林戈茨,护唇精华,10ml,无味、薄荷、甜香、莫吉托、洋甘菊,"原价：¥168
优惠后：¥80.11","原价单ml：¥16.80 /ml
优惠价单ml：¥8.01 /ml","店铺活动满400赠价值118礼包
店铺活动满800赠价值170护手霜",3万+,65,¥6.5/ml,无,,2895,保湿、滋润、舒缓、抗皱、修护,"""护肤级长效保湿抗皱"" —— 专为干燥、起皮及有细纹的唇部肌肤设计，解决唇部干燥、刺痛及外观细纹问题，提供长效水润与多效舒缓修护，改善唇部肌肤状态。",,"被博主称作""夜间厚敷神器""，啫喱质地修护力强，淡化唇纹、改善起皮效果明显，常被对比科颜氏1号唇膏，胜在更持久不油。但黏腻感重像蜂蜜，睡觉粘头发；瓶口设计像药膏不能直接涂，要借唇刷；无香版本被嫌缺乏仪式感；¥80/10ml价格偏高，部分人觉得只在表面成膜不够滋润。",唇膏_2_98b677d99c.jpg
唇膏,科颜氏,润唇膏,15ml,/,原价¥125,¥8.33 /ml,赠高保湿霜14ml × 1,10万+,/,/,/,/,3566,保湿、滋润、舒缓、修护、柔软丰润,"""经典修护润唇膏"" —— 专为干燥、缺水双唇设计，解决唇部干裂、起皮等不适问题，深层滋润并修护唇部肌肤，令双唇恢复柔软丰润状态。",,"1号润唇膏经典款，凡士林+角鲨烷+维E打底，睡前厚敷效果最受好评，能修复死皮、做妆前打底。差评点很集中：质地偏油腻有""嘴上糊一层""感；管口非斜口设计涂抹不便；保湿持久度被吐槽要频繁补涂、更像唇油；价格相对开架凡士林偏贵被认为""智商税""；新版膏体变白、管顶不平有质量吐槽。",唇膏_3_bab837545c.jpg
唇膏,海洋至尊,保湿舒缓护唇膏,3.9g/支（银色款保湿舒缓 / 黑色款保湿变色）,/,原价：¥89,原价单g：¥22.82/g,/,5万+,39,¥10/ml,无,,48.2万,保湿、滋润、舒缓、淡纹、抗皱、淡化粗糙暗沉、亮唇色、修色,"""淡纹修色保湿护唇润现原生好气色"" —— 专为男士唇干起皮、唇色暗沉、唇纹明显困扰设计，解决唇部干燥粗糙与暗沉问题，通过DPHP与4重天然油萃实现8H长效保湿、4重天然油萃润泽舒护，原色银管润而不油、变色黑管温感调色提亮淡纹。",,"男士变色润唇膏在小红书讨论量不高，但可见笔记给到""易推开、像冰淇淋质地、上唇自然变粉提气色、男生用不违和""等好评，主打保湿不拔干、有淡淡花香。差评和疑问点是¥89定价在男士唇膏里偏贵，部分用户更愿意买¥39版本；变色幅度被认为""很淡""，期待明显口红色号的会失望；3.9g容量偏小；有用户提到对香味敏感的人会觉得味道明显；保湿力对严重唇炎不够。",唇膏_4_20cbd0f5f5.jpg
唇膏,柯岸,高保湿滋润护唇棒,2.8g（单支装）/ 双支装/ 三支装,/,"原价：¥59
优惠后：¥31.93","原价单g：¥21.07/g
优惠价单g：¥11.40/g",会员加赠积雪草面膜1片,2万+,/,/,/,/,/,补水、保湿、滋润、长效保湿、玻尿酸成分,"""一pa即合一抹润唇"" —— 专为干燥起皮、缺水唇部设计，解决唇部干裂粗糙问题，通过磁吸玻尿酸成分实现深层补水与长效滋润，达成柔润饱满的唇部肌肤状态。",,"小红书博主评价为""通勤男士唇棒平替""，磁吸盖颜值高、玻尿酸滋润度足、补水效果约3-4h；¥31秒杀价被打成口粮单品。负面：定价偏贵，论容量2.8g/¥31平均下来不算便宜；部分用户反馈成膜略黏不能马上戴口罩；舒缓修护对严重唇炎、唇周湿疹效果有限，配方相对基础。",唇膏_5_fbfa552b39.jpg
唇膏,柯岸,玻尿酸护唇棒,1.88g（高保湿淡纹升级）/ 3支（高保湿淡纹升级1.88g*3）,/,"原价：¥39.9
优惠后：¥17.58","原价单g：¥21.22/g
优惠价单g：¥9.35/g",/,1万+,19.9,¥10.58/ml,无,,80万+,保湿、淡纹、滋润、补水、淡化唇纹,"""小飞弹保湿淡纹滋润护唇"" —— 专为唇部干燥、唇纹明显困扰设计，解决唇部缺水起皮与唇纹问题，通过玻尿酸升级配方实现深层保湿与淡化唇纹，达成柔润光滑的唇部状态。",,"小红书反馈外形小巧""小飞弹""造型出片好，1.88g便携、玻尿酸保湿够用、淡纹效果有可见反馈；¥17.58新品价被誉为唇棒里的""性价比王""。负面：用量小耗速快约2-3周用完；滋润度仅适合轻度干燥、严重唇裂效果不足；部分用户反映气味略带塑胶感，且管口设计涂抹不便、容易折断。",唇膏_6_876d51a908.jpg
唇膏,LBR,澳洲坚果护唇膏,3.2g（无色保湿单支装）/ 6.4g（3.2g/支*2）/ 9.6g（3.2g/支*3）,/,"原价：¥69
优惠后：¥57.5","原价单g：¥21.56/g
优惠价单g：¥17.97/g",单笔实付满200赠吸油纸1盒；单笔实付满400赠香体露60g,7万+,58.6,¥18.31/ml,"满170元赠吸油纸1盒
满340元赠香体露1瓶",,1万+,保湿、滋润、淡化唇纹、防干裂、清爽不油、改善干燥,"""小蓝管润唇膏滋润淡唇纹"" —— 专为唇部干裂起皮、唇纹明显困扰设计，解决干燥唇部不适问题，通过澳洲坚果油等多效成分实现深层滋润与淡化唇纹，达成清爽不油的舒适唇感。",,"小红书博主称作""小蓝管""男士口粮唇膏，无色不挑性别、保湿4-6h表现稳定、对轻度干燥起皮恢复明显、淡化唇纹有可见反馈。负面：滋润度对严重唇炎、唇周湿疹效果有限；管口偏粗涂抹不易控制用量；3.2g/¥58价格高于普通男士唇膏；个别批次气味略偏蜡感。",唇膏_7_5602e4f05e.jpg
唇膏,左颜右色,润唇膏,3.1g（单支装）/ 双支装（第二支半价）/ 三支装/ 正常规格,/,"原价：¥19.9
优惠后：¥15.37","原价单g：¥6.42/g
优惠价单g：¥4.96/g",/,10万+,39.9,11.4/g,/,/,1.5万+,保湿、滋润、淡化唇纹、防干裂脱皮、提亮唇色、长效滋润,"""长效润双唇滋润干裂脱皮"" —— 专为唇部干裂脱皮、暗沉唇色困扰设计，解决唇部缺水起皮与唇纹明显问题，通过维E保湿配方实现提亮唇色、润而不腻、淡化唇纹与长效滋润的多效合一养护。",,"小红书博主反馈""国货男士平价唇膏""，¥15.37性价比突出、维E保湿对轻度干燥唇部恢复明显、淡化唇纹有可见反馈。负面：滋润度对严重唇炎、唇周湿疹效果有限；3.1g用量偏小、约2-3周用完；少数反馈管口偏粗、涂抹不易控制；包装塑料感强、不适合送礼。",唇膏_8_fc222dd159.jpg
唇膏,蓝系,保湿润唇膏,3g,/,"原价：¥89
优惠后：¥57.47","原价单g：¥29.6/g
优惠价单g：¥19.15g",赠保湿面膜1袋,3000+,59,19.6/g,/,/,30.9万+,保湿、滋润、改善干裂、淡化唇纹、修护屏障,"""金属磁吸设计·润而不油锁水保湿"" —— 专为唇部干燥、起皮及唇纹明显问题设计，解决传统矿物油润唇膏粘腻及越用越干的痛点，通过6重植物提取精华实现密集滋润与长效锁水，达成清爽水润、自然哑光的舒适唇部状态。",,,唇膏_9_b1e971324c.jpg
沐浴露,马林戈茨,沐浴露,250ml,朗姆酒香、佛手柑香、无间草木香,"原价：¥250
优惠后：¥177.47","原价单ml：¥1.00 /ml 
优惠价单ml：¥0.71 /ml","店铺活动满400赠价值118礼包
店铺活动满800赠价值173护手霜",2400+,/,/,,/,67,清洁、滋润,"""三款香型洁净柔滑"" —— 专为身体肌肤设计，解决日常清洁与换季干燥问题，通过绵密泡沫实现深层洁净与滋润保湿，洗后肌肤柔滑焕新，带来沉浸式香氛沐浴体验。",,"高互动笔记普遍称赞香味独特有辨识度，朗姆酒甜辣、佛手柑清新、无间草木中性高级，泡沫细腻洗后不假滑、敏感肌也能用。但留香争议大：有人说澡后数小时仍有余香，更多人反映30分钟到1小时就散；¥177/250ml被吐槽""贵价洗手液""；少数评价闻着像苹果汽水或觉得平平无奇。",沐浴露_2_02b0bff3f3.jpg
沐浴露,科颜氏,沐浴露,250ml,经典原香麝香调,"原价：¥190
优惠后：¥151.47","原价单ml：¥0.76 /ml 
 优惠价单ml：¥0.61 /ml",赠全身保湿护肤乳30ml*2,2万+,/,/,/,/,/,清洁、保湿、泡沫绵密、温和不紧绷,"""经典原香伪体香"" —— 专为追求洁净与持久留香的用户设计，解决沐浴后香气不足的问题，通过标志性麝香调打造萦绕撩人的专属体香，同时实现轻柔洁净与肌肤保湿不紧绷的沐浴体验。",,"主打经典麝香香调，干净神秘留香久，被称为""沐浴露里的香水""，氛围感拉满。含甘油+甜杏仁果提取物，温和不拔干、敏感肌可用。差评点：泡沫量偏少、清洁感不够""爽快""；麝香味偏小众，部分人觉得""老气""或像男士古龙水，接受度因人而异；250ml容量对沐浴露偏小、单价高性价比一般。",沐浴露_3_cf0986cfb7.jpg
沐浴露,loewe,沐浴露+身体乳+套装,"360ml (单瓶液体皂)

360ml+360ml (液体皂+身体乳套装)",番茄叶、牛至、常春藤,"原价：¥620 (单瓶) / ¥1305 (套装)

优惠后：¥558.9 (单瓶) / ¥1243.9 (套装)","原价单ml：¥1.72 /ml (620÷360)

优惠价单ml：¥1.55 /ml (558.9÷360)",/,8000+,/,/,/,/,/,清洁、呵护、芬芳、保湿、奢宠,"奢宠级香氛沐浴仪式"" —— 专为追求高阶沐浴体验的用户设计，解决普通清洁产品缺乏感官享受的问题，融合古希腊罗马沐浴灵感与精致玻璃瓶身设计，提供洁净、呵护与持久芬芳萦绕的多感官奢宠体验。",,"主打高端香氛沐浴体验，番茄叶香被夸""清新自然不甜腻、像地中海花园""，包装极简有艺术感、送礼有面子，沐浴露+身体乳叠加留香数小时堪比香水。差评最尖锐：价格被骂""沐浴露刺客""，700-1200元的定价远超清洁本身价值；牛至款香气小众""有药感/草药味""，接受度两极；身体乳保湿力被指中等、对干皮冬天不够用。",沐浴露_4_e3c3c3cfec.jpg
沐浴露,海洋至尊,控油净爽沐浴露,400ml（1瓶）/ 套装,/,原价：¥105 / 优惠后：¥55.37,原价单ml：¥0.26/ml / 优惠价单ml：¥0.14/ml,入会至高9件礼：洗发水30g+洁面露3g+冰沙霜3g等；券满100减30；下拉入会抢人才补贴大额券,30万+,/,/,/,/,6000+,控油、留香、保湿、清洁、改善起屑、减少痒感,"""洗走油腻汗臭全身清爽氛围香"" —— 专为男士夏日油腻、汗臭、又油又干肤质设计，解决紧绷干痒、肤质粗糙、黏腻不适与汗臭问题，通过专利控油科技实现24H留香、100%控油保湿、100%减少痒感、97%改善起屑。",,【海洋至尊 控油净爽沐浴露】小红书上以男士油痘肌人群为主，主打PCA锌+黄檗树皮+冰川海泥三合一控油配方。好评集中在控油效果显著（部分用户反馈连续使用后出油减少40%以上）、不紧绷、留香持久（木质海盐调，可持续数小时），不少博主称其从爆款变为'经典款'复购率高。差评/槽点：偏中性pH对极敏感肌不够友好；香味偏成熟，不喜欢木质调的男生会觉得'老气'；高位价段套装定价偏高，被认为性价比一般。,沐浴露_5_1c527f0047.jpg
沐浴露,海洋至尊,净痘控油香氛沐浴露,350ml,木质香 / 古龙香 / 海洋香,原价：¥158 / 优惠后：¥94.31,原价单ml：¥0.45/ml / 优惠价单ml：¥0.27/ml,入会加赠：洁面露小样*1+控油乳小样*1+冰沙霜小样*1；超大容量囤货装；3件更划算,10万+,¥129（两瓶）,¥0.18/ml,同款沐浴露60g*2+同款沐浴露8ml*5,,12.6万,控油、祛痘、平衡水油、净澈角质、清爽控油、净痘、留香,"""专研锁香精华舱72H控油留香"" —— 专为油性易长痘肌、混合性肌肤、中性偏干肌设计，解决出油闭痘、角质粗糙与体味问题，通过3款香型差异化配方与三段式留香技术实现72H久留香+净痘控油，覆盖控油净痘、净澈角质、净润控油三种功效。",,【海洋至尊 净痘控油香氛沐浴露】小红书阅读量较高的笔记主要将其定位为'背痘救星+体香神器'，主打控油、祛痘、去角质、除螨四合一以及大牌香氛留香（部分笔记宣称留香可达72小时）。好评点：背部痘痘改善明显、香氛高级不廉价、可干用搓痘部位再起泡。差评/注意：含去角质成分，红肿破溃的痘痘期或屏障受损/极敏感肌不建议使用，部分用户反馈香味对鼻子敏感人群偏冲，价格略高。,沐浴露_6_893858d4f5.jpg
沐浴露,海洋至尊,祛痘沐浴露,400ml（单瓶装）/ 多支装,木质果酸香,原价：¥81.2 / 优惠后：¥57.47,原价单ml：¥0.20/ml / 优惠价单ml：¥0.14/ml,入会至高8件礼：洗面奶3g+控油乳3g+冰沙霜3g等；券满80减10；买1送1果酸祛痘沐浴露,4万+,/,/,/,/,/,祛痘、控油、保湿、留香、温和不刺激、净肌,"""果酸清肌净油痘72H久留香"" —— 专为男士油痘肌、汗臭体味困扰设计，解决出油多、闭口痘与异味问题，通过水酷果酸专研科技实现28天控油祛痘、72H久留香，达成100%清爽控油、100%改善油痘、100%温和不刺激。",,【海洋至尊 祛痘沐浴露】小红书测评大多归类到男士油痘肌专属，主打'控油+祛痘+除螨'三效合一，含三重果酸和大牌香氛精华。好评：泡沫丰富易冲洗、香味淡雅持久、洗后清爽不紧绷甚至有滑嫩感，痘印淡化反馈较多。差评/槽点：pH偏弱碱性、表活配方对极干敏肌略显刺激；起效需要持续使用2周以上，急效感不强；多支装客单价偏高。,沐浴露_7_8cffc2bcd2.jpg
沐浴露,海洋至尊,美白澄净沐浴露,300ml,/,原价：¥89 / 优惠后：¥74.07,原价单ml：¥0.30/ml / 优惠价单ml：¥0.25/ml,【89/瓶】单瓶体验装；【79/瓶】两瓶装；搭配使用美白除螨【到手158元】,1万+,/,/,/,/,381,美白、亮肤、净爽、改善暗沉、淡黄、舒润,"""美白黑科技美白亮肤"" —— 专为男士暗黄黑皮、干燥粗糙、油腻异味肤质设计，解决肤色暗沉、油腻干糙与体味困扰，通过持证美白科技实现沁爽沐浴、自信亮白，达成净爽舒润的型男气场。",,【海洋至尊 美白澄净沐浴露】小红书上同类美白沐浴露笔记互动较高，海洋至尊该款被归类为'日常提亮型'，主打温和澄净、提亮肤色、保湿。好评：肤色稍显均匀、香味清新、不紧绷。差评/争议：美白效果偏温和，靠长期使用而非速效；部分用户认为含香精不适合极敏感肌；与控油线相比讨论度更低，'种草'内容不如祛痘款丰富。,沐浴露_8_a7b38584b7.jpg
沐浴露,海洋至尊,控油酷爽冰沙沐浴露,300ml,独特伊索菁柚香氛,原价：¥69 / 优惠后：¥57.07,原价单ml：¥0.23/ml / 优惠价单ml：¥0.19/ml,【冰爽一夏】沐浴露*1瓶装,2000+,/,/,/,/,441,控油、降温、净肤、清爽、留香、专利净肤成分,"""冰沙清爽净肤控油"" —— 专为夏日男士闷热油腻、汗臭粘腻肤质设计，解决夏日闷热难耐、运动汗臭难闻、出油粘腻与肌肤易油闷痘问题，通过专利净肤成分与冰沙凝润科技实现劲凉醒肤、净彻肌肤与持久留香。",,【海洋至尊 控油酷爽冰沙沐浴露】小红书博主主推'水杨酸能量仓'概念，含PCA锌、黄檗树皮提取物、冰川海泥矿物水。好评：冰沙清凉感强、夏天痘背改善快（多数用户两周见效）、男士油痘肌友好、获天猫金妆奖背书。差评/槽点：冬季使用偏凉、价格段偏高（部分组合售价1000+引发争议）、含水杨酸对皮肤屏障受损者不友好。,沐浴露_9_632afb3c6a.jpg
沐浴露,海洋至尊,三合一冰沙焕肤沐浴露,200mg（实标200ml便携装）,木质香,原价：¥82.3 / 优惠后：¥38.37,原价单ml：¥0.41/ml / 优惠价单ml：¥0.19/ml,入会至高5件礼：多效乳3g+洁面露3g+冰沙霜3g等；券满70减30,700+,39.9,¥0.19/ml,无,,4000+,清洁、控油、舒缓、留香、敏感肌可用、易冲洗不残留,"""运动出行随身装一瓶洗全身"" —— 专为男士运动、差旅与多场景洗护需求设计，解决头发蓬塌、脸部紧绷与身体黏腻问题，通过三合一冰沙焕肤配方实现72H持久留香、98%72H长效控油、100%肌肤摆脱光滑、100%敏感肌可用。",,【海洋至尊 三合一冰沙焕肤沐浴露】小红书定位为'小容量便携爆款'，主打香氛+保湿+嫩肤三效合一，香型多样（碧野悠悠、欣怡幽香、恬静清香等）。好评：香味被誉为'私人香氛师'留香明显、泡沫绵密SPA感强、洗后不需要再涂身体乳、性价比高。差评：200ml便携装相对正装单ml价偏高，部分用户认为'三合一'概念噱头大于实效，香型偏甜对男性用户接受度有限。,沐浴露_10_91b273abc0.jpg
沐浴露,柯岸,海洋清肌磨砂沐浴露,400ml（单瓶装）/ 沐浴露400g*2第二瓶更优惠/ 洗沐套装：果酸沐浴露*1+氨基酸洗发水*1,清新海洋香调,"原价：¥99
优惠后：¥51.55","原价单ml：¥0.25/ml
优惠价单ml：¥0.13/ml",入会加赠积雪草面膜28g+下单即赠洗发水6g*2+小喷菇精华乳1g*2,5万+,/,/,/,/,2000+,去角质、磨砂、清洁、平滑肌肤、留香、自带体香,"""减少老废角质细腻平滑肌肤"" —— 专为身体角质粗糙、皮肤暗沉困扰设计，解决毛囊角化、肤质不均与体味问题，通过果酸磨砂颗粒与海洋清新香调实现深层去角质与持久留香，达成丝滑柔嫩的肌肤状态。",,"小红书博主评价""果酸磨砂+海洋香""思路新颖，洗后皮肤明显光滑、去鸡皮去角质效果突出、香氛清爽留香约4-6h；男生粗糙肤质回购意愿高。负面：磨砂颗粒对敏感肌、湿疹皮易刺激泛红，建议每周1-2次；果酸成分需注意防晒；瓶口按压设计偏松，运输有渗漏反馈；价格折后约¥51性价比一般。",沐浴露_11_863696ea69.jpg
沐浴露,柯岸,氨基酸香氛沐浴慕斯,300ml（单瓶装）/ 2瓶装/ 3瓶装,六大植萃特调香氛,"原价：¥99
优惠后：¥58.05","原价单ml：¥0.33/ml
优惠价单ml：¥0.19/ml",买即赠洗发水6g*2；会员加赠积雪草面膜28g,1万+,59,¥0.196/ml,无,,100+,云感泡沫、温和净肤、清洁、留香、保湿,"""云感泡沫温和净肤六大植萃特调香氛"" —— 专为追求高品质沐浴体验的男士设计，解决日常清洁与体味需求，通过氨基酸慕斯泡沫与六大植萃香氛实现温和净肤与持久留香，达成绵密细腻的沉浸式香氛沐浴体验。",,"小红书博主称作""颜值+香氛""沐浴慕斯典范，云感泡沫触感细腻、植萃香调清爽留香约4-6h、敏感肌可用；男生送礼场景反响较好。负面：300ml/¥58单价偏贵、用量不省；慕斯泡沫清洁力对运动出汗或重油身体偏弱，需要叠加搓澡；个别用户反映喷头气压不稳、剩余底量倒不出。",沐浴露_12_ce44d3abbd.jpg
沐浴露,LBR,香氛祛痘沐浴露,360g（沐浴露木质香调 保湿留香）/ 洁面120g+沐浴露360g/ 洗发水360g+沐浴露360g+香皂100g,木质香调,"原价：¥129
优惠后：¥102.9","原价单g：¥0.36/g
优惠价单g：¥0.29/g",单笔实付满200赠吸油纸1盒；单笔实付满400赠香体露60g,2万+,109,¥0.30/ml,"满170元赠吸油纸1盒
满340元赠香体露1瓶",,9000+,清洁、祛痘、留香、保湿、改善后背痘、香氛沐浴,"""多效沐浴露全身留香后背祛痘"" —— 专为身体痘痘、油腻汗臭困扰设计，解决后背痘与体味问题，通过木质香调与祛痘成分实现深层清洁与持久留香，达成肌肤清爽与体香兼备的沐浴体验。",,"小红书博主誉为""后背祛痘+留香""沐浴露代表，木质香清爽、留香约4-6h、对身体痘痘、闷痘有可见改善；360g大容量¥102.9性价比可。负面：祛痘成分对面部痘痘并非主战场、面部用慎重；干皮、敏感肌身体长期用易拔干；香气偏沉稳，喜欢清新海洋香的人可能不爱；按压头偶尔不出胶。",沐浴露_13_8ae57b6649.jpg
沐浴露,Chillmore,氨基酸香氛沐浴露,300ml / 600ml,海岸烟火（水生木质调）/ 茶歌（芳香木质调）/ 森林长椅（木质馥奇调）/ 街角花摊（花香果香调）/ 月下梅里（水生调）/ 游船慢旅（绿叶水生调）/ 暖阳煎茶（柑橘木质调）/ 夏夜虫鸣（芳香木质调）,"原价：¥79.9
优惠后：¥63.37","原价单ml：¥0.27/ml（300ml）
优惠价单ml：¥0.21/ml（300ml）",/,100万+,139,¥0.19/ml,无,,1万+,清洁、留香、温和、保湿、香氛沐浴、氨基酸表活,"""且悠香氛沐浴露温和清洁多场景留香"" —— 专为追求高品质沐浴体验的男女用户设计，解决日常清洁与体味需求，通过氨基酸表活与8款香氛配方实现温和洁净与持久留香，达成沉浸式情绪沐浴体验。",,"小红书博主誉为""小众香氛沐浴露开盒级""，颜值高、香型多达8款情绪香味叙事好评，泡沫绵密、清洁温和、留香约4-6h，¥63性价比可。负面：300ml容量偏少、用量不省；按压头偶尔卡顿；个别香型如木质馥奇调""暖阳煎茶""被反映味道偏沉，与宣传图片调性不符；持久度对体味重的人略显不够。",沐浴露_14_ceb9d4519d.jpg
沐浴露,亲爱男友,持久留香沐浴露,500ml（单瓶装）,西班牙sensefeel植萃浪漫橙调,"原价：¥58
优惠后：¥41.03","原价单ml：¥0.12/ml
优惠价单ml：¥0.08/ml",/,3000+,/,/,/,/,,清新留香、控油、净肤、清洁、清爽不油腻、靠近你香氛,"""清新留香控油净肤靠近你男士香氛沐浴露"" —— 专为男士追求贴身留香与日常控油净肤需求设计，解决出油黏腻、汗味与体味平淡的困扰，通过西班牙sensefeel植萃香氛与温和清洁配方实现持久留香与净澈舒爽，带来贴近他人的自信香氛体验。",,"小红书博主称作""男友香沐浴露""代表，橙子+雪松调性温暖好闻、留香约5-6h，500ml/¥41大容量性价比突出，男生送礼/陪伴场景反响最好。负面：清洁力对运动后重油腻肌肤偏弱；保湿度对干性身体偏不够，洗后易紧绷；少数反映留香偏成熟非清新清淡风、年轻男生可能不爱；按压泵设计偶尔卡顿、浴室潮湿环境下易掉色。",沐浴露_15_c6cd439112.jpg
沐浴露,理然,莫吉托沐浴露,400ml（单瓶 量少不推荐 清爽果木香）/ 400ml*2 (2件8折)/ 莫吉托沐浴露400ml+莫吉托洗发水400ml（型男3件套：洁面+洗护组合）/ 莫吉托沐浴露400ml+杜松子控油蓬松洗护套装/ 莫吉托沐浴露400ml+莫吉托控油洗护套装,清爽果木香（莫吉托）/ 橘调木质香（烟熏红橙）,"原价：¥119.9
优惠后：¥64.87","原价单ml：¥0.30/ml（400ml）
优惠价单ml：¥0.16/ml（400ml）",满赠,70万+,/,/,/,/,/,清洁、留香、控油、温和不紧绷、清爽果木香、持久留香,"""满屋留香清爽净肤"" —— 专为追求持久留香与日常清洁需求的男士设计，解决体味不持久与出油黏腻问题，通过莫吉托清爽果木香与温和净肤配方实现满屋留香与清爽净肤，达成贴身留香的男士沐浴体验。",,"小红书博主称作""满屋留香神器""，莫吉托清爽果木香被誉为男生口粮香型，留香约5-6h，¥64.9/400ml性价比突出。负面：清洁力对运动后重油身体偏弱；保湿度对干皮身体不够，洗后易紧绷；少数反馈香味偏假""廉价香精""感、与日韩沙龙香相比差距明显；按压头偶尔气压不稳，最后约30g底部倒不出。",沐浴露_16_1e3030079f.jpg
沐浴露,左颜右色,沐浴露,400ml（单瓶/双支装/2支装）,高级蔚蓝香,"原价：¥59.9
优惠后：¥47.37","原价单ml：¥0.15/ml
优惠价单ml：¥0.12/ml",/,60万+,/,/,/,/,/,12H持久留香、控油、保湿、去背痘、香水级香氛、清爽不黏腻,"""比香水还好闻高级蔚蓝香"" —— 专为男士追求持久留香与日常清洁需求设计，解决体味平淡、出油黏腻与背痘困扰，通过12H持久留香+控油保湿+去背痘三重功效实现香水级沐浴体验，达成沉浸式蔚蓝香沐浴。",,"小红书博主反馈""高级蔚蓝香""清爽好闻，蔚蓝调留香约5-6h、控油保湿+去背痘思路明确，¥47.37/400ml性价比突出。负面：清洁力对运动后重油身体偏弱；保湿度对干皮身体不够，洗后易紧绷；少数反馈香味与""宝格丽蔚蓝""距离明显，被视作香精勾兑感；按压头偶尔卡顿、最后底部约30g剩余倒不出。",沐浴露_17_6d1970ffaf.jpg
沐浴露,魅蓝,沐浴露,400ml（魅蓝香氛净爽沐浴露）,木质调（蔚蓝木质调）,"原价：¥109.9
优惠后：¥85.08","原价单ml：¥0.27/ml
优惠价单ml：¥0.21/ml",/,1万+,89.9,¥0.22/ml,/,,106万+,深透清洁、控油、爽肤、持久留香、香氛沐浴、清爽,"""用魅蓝做魅男深透清洁控油爽肤"" —— 专为男士追求高品质沐浴体验设计，解决出油黏腻、体味平淡与日常清洁需求，通过SAZA高端香氛配方实现深透清洁、控油爽肤与持久留香，达成贴身留香的男士魅力沐浴。",,"小红书博主反馈""许某某代言魅蓝香氛""沐浴露，蔚蓝木质调被誉为""宝格丽蔚蓝平价替代""，留香约5-6h，控油爽肤思路明确。负面：香味与""宝格丽蔚蓝""距离明显、被部分用户视作香精勾兑；清洁力对运动后重油身体偏弱；保湿度对干皮身体不够，洗后易紧绷；400ml/¥85单价偏贵；按压头偶尔气压不稳。",沐浴露_18_4620d8d3d5.jpg
其他,马林戈茨,身体保湿乳液,250ml,佛手柑香 / 朗姆酒香,"原价：¥360
优惠后：¥207.27","原价单ml：¥1.44 /ml 
优惠价单ml：¥0.83 /ml","店铺活动满400赠价值118礼包
店铺活动满800赠价值172护手霜",100+,/,/,/,/,44,保湿、滋润、清爽不黏腻、质地轻盈、快速吸收,"""轻盈保湿不黏腻"" —— 专为身体肌肤设计，解决身体肌肤干燥、厚重不适等问题，质地轻盈易吸收，提供长效保湿滋润，同时带来清新佛手柑或慵懒朗姆酒香氛体验。",,"朗姆酒、佛手柑香型最受推崇，被夸""温暖辛香像随身香水""，质地清爽好推、吸收快不黏腻，搭配同系列沐浴露叠香效果加分。槽点是：留香比想象中短，几小时后基本闻不到；250ml卖¥207算贵价身体乳，挤压泵头有出量不稳的反馈；对极干肌肤滋润度偏轻，冬天可能不够用，更适合春夏。",其他_2_f7786e1b16.jpg
其他,海洋至尊,防晒霜,1g（正常规格）/ 50g（1支装）/ 100g / 150ml,/,原价：¥89.99 / 优惠后：¥48.46,原价单g：¥1.80/g（50g） / 优惠价单g：¥0.97/g,入会加赠：吸油纸*1盒+控油乳小样*1+洁面露小样*1；¥40百亿补贴自动扣减；新会员拍1到手4件,1000+,/,/,/,/,1.6万,高倍防晒、提亮、保湿、不假白、不闷痘、防御UVA/UVB,"""暴晒也不黑清爽不粘腻"" —— 专为亚洲男士户外暴晒场景设计，解决高强度紫外线下黑化、闷痘、假白与油腻问题，通过SPF50+ PA++++高倍持证防晒与全波段广谱防护实现12H超长防晒，达成清爽不闷肤、隐形不假白、即时控油感、植萃内养肤。",,"学生党和军训党反复推荐的平价男士防晒，¥48/50g大容量，乳液质地好推开，成膜快、上脸不假白不闷痘，无酒精，敏感肌也有人能用，户外通勤党反馈防晒力够用。差评主要是""清爽是相对男士产品而言""，混油皮夏天满头大汗时仍会有黏感；防水抗汗一般，游泳/暴汗需补涂；少数用户提到与某些素颜霜叠加会轻微搓泥；防晒香味偏直男向不是所有人能接受。",其他_3_13da3741a6.jpg
其他,柯岸,蓬松控油去屑洗发膏,240g（深层控油 蓬松发型）/ 2瓶装,海盐清新香,"原价：¥99
优惠后：¥61.05","原价单g：¥0.41/g
优惠价单g：¥0.25/g","赠：喷菇精华乳1g*2+积雪草面膜28g*1
洗发水6g*2",10万+,59,¥0.26/ml,无,,5000+,控油、去屑、蓬松、平衡水油、清爽、温和洁净,"""丰富海盐颗粒平衡水油蓬松发型"" —— 专为油性头皮、扁塌发质设计，解决油腻、头屑、塌发等问题，通过海盐颗粒与控油科技实现深层洁净、清爽蓬松，洗后头皮舒爽不紧绷。",,"小红书博主称作""油头救星""，海盐颗粒按摩感舒爽，洗后头皮控油、发根蓬松立显且去屑反馈不错；¥99/240g用量很经久，性价比突出。负面：颗粒感对头皮敏感人群偏刺激；干性发质或染烫发会觉得偏干、洗后毛躁需配护发素；少数反馈控油持续时间≤1天，第二天油田照旧。",其他_4_7217b02c2e.jpg
其他,柯岸,男士轻感物理防晒霜,50g（单支装/敏肌适用）/ 双支装（第二支更优惠）,/,"原价：¥119
优惠后：¥78.27","原价单g：¥2.38/g
优惠价单g：¥1.57/g",免费试用：防晒霜1g*2,5万+,89,¥1.78/ml,赠试用装1g*2,,5000+,高倍防晒、控油、保湿、敏感肌可用、清爽、轻薄、12.5H防护、洁面可卸,"""清爽控油高倍物理防晒"" —— 专为敏感肌、油皮男士夏日户外场景设计，解决防晒油腻闷痘与紫外线伤害问题，通过SPF50+ PA++++物理防晒与水感轻薄质地实现12.5H长效防护与清爽肤感，达成洁面可卸的温和防晒体验。",,"小红书博主称作""男士物理防晒平替""，质地清爽推开不假白、不闷痘、敏感肌耐受良好，SPF50+ PA++++日常通勤完全够用；50g/¥84性价比可观。负面：物理防晒成膜需要手法均匀涂抹否则厚重；汗水/出油后需补涂；部分用户反映卸妆不彻底易堵毛孔；油皮夏天觉得仍偏黏腻、油亮感明显。",其他_5_3803d9ec1a.jpg
其他,柯岸,氨基酸控油净澈洗发水,300g（单瓶体验装）/ 控油洗护套装450g,/,"原价：¥99
优惠后：¥58.05","原价单ml：¥0.33/ml
优惠价单ml：¥0.19/ml",赠：洗发水6g*2+小喷菇精华乳1g*2；会员加赠：积雪草面膜28g,4万+,69,¥0.23/ml,洗发水小样6g*2,,900+,控油、去屑、温和清洁、清爽、不扁塌、72h去屑控油、无硫酸盐,"""72h去屑控油清爽不扁塌"" —— 专为油性头皮、扁塌发质设计，解决头屑、头油、发型扁塌问题，通过洗去型玻尿酸与无硫酸盐温和配方实现72h去屑控油，达成清爽蓬松不刺激的洗发体验。",,"小红书博主誉为""男生洗发水中位数选择""，72H控油去屑反馈实在，无硫酸盐配方对头皮敏感人群更友好，发根清爽蓬松、洗后无残留；¥58价位香味与功效平衡好。负面：去屑对中重度脂溢性皮炎效果有限；染烫发洗后会觉得偏干、毛躁；按压头容易卡死且部分批次气味偏淡，期待留香的人会失望。",其他_6_7bf55dfb2a.jpg
其他,LBR,清爽倍护防晒乳,50g（高倍防晒 清爽不油）/ 100g（高倍防晒霜50g/盒*2）,/,"原价：¥129
优惠后：¥102.9","原价单g：¥2.58/g
优惠价单g：¥2.06/g",单笔实付满200赠吸油纸1盒；单笔实付满400赠香体露60g,5万+,109,¥2.18/ml,"满170元赠吸油纸1盒
满340元赠香体露1瓶",,1万+,高倍防晒、清爽、不油腻、隔离紫外线、SPF50 PA+++、水感学生军训适用,"""高倍防晒户外面部身体隔离紫外线"" —— 专为夏季高强度紫外线场景与学生军训设计，解决户外暴晒下黑化、油腻、闷痘问题，通过SPF50 PA+++高倍防晒与水感清爽配方实现长效防护与不油腻肤感。",,"小红书博主评价""水感+控油""组合，质地轻薄推开不假白、对油皮夏季通勤够用、SPF50 PA+++日常防护扎实。负面：PA仅+++（非++++），强紫外线场景如海边/雪地略不够；含一定油溶性紫外线吸收剂，敏感肌、皮炎期慎用；50g/¥102.9性价比中等；汗水/出油后需补涂，否则会有黑化反馈。",其他_7_dcc4e9ae1d.jpg
其他,LBR,控油去屑洗发水,360g（控油去屑 自然蓬松）/ 去屑洗发水360g+控油洁面120g/ 洗发水360g+(其他套装),/,"原价：¥139
优惠后：¥111.9","原价单g：¥0.39/g
优惠价单g：¥0.31/g",单笔实付满200赠吸油纸1盒；单笔实付满400赠香体露60g,4万+,118,¥0.32/ml,"满170元赠吸油纸1盒
满340元赠香体露1瓶",,2万+,控油、去屑、蓬松、温和清洁、无硫油、清爽,"""多效洗发水控油蓬松去屑无硅油"" —— 专为油性头皮、头屑困扰的学生与上班族设计，解决头皮油腻、头屑反复与发型扁塌问题，通过无硅油温和配方实现深层洁净与自然蓬松，达成清爽舒爽的洗发体验。",,"小红书博主评价为""油头去屑实战派""，洗后头皮清爽、发型蓬松立显、72小时控油有可见反馈；360g/¥111.9大容量耐用。负面：染烫发洗后偏干毛躁、需配护发素；对中重度脂溢性皮炎效果有限；按压头偶尔卡顿、最后底部约30g剩余倒不出；香味属于偏药感清新，不喜小众香的人可能踩雷。",其他_8_2e6fe73836.jpg
其他,Chillmore,净味清爽香体膏,50g（单支装）/ 第2支立减¥10,海岸烟火（水生木质调）/ 茶歌（芳香木质调）/ 森林长椅（木质馥奇调）/ 街角花摊（花香果香调）/ 月下梅里（水生调）/ 游船慢旅（绿叶水生调）/ 暖阳煎茶（柑橘木质调）/ 夏夜虫鸣（芳香木质调）,"原价：¥149
优惠后：¥117.47","原价单g：¥2.98/g
优惠价单g：¥2.35/g",第2支立减¥10；会员买1赠（洁肤露5ml*1+四季身体乳5.5ml*1）；会员买2赠（香体膏6g*1+洁肤露30ml*1）；报名享满额礼赠（洗浴油5ml*2+洁肤露30ml*1）,20万+,119,¥2.38/ml,洁肤露8ml*1+手甲5ml*1,,4万+,止汗、净味、留香、保湿、清爽不黏腻、贴肤无感,"""清爽净味贴身藏一缕香"" —— 专为出汗、腋下异味困扰的用户设计，解决体味与潮湿不适问题，通过8款情绪香氛与膏体质地实现长效净味与贴肤留香，达成清爽藏香的隐形体香方案。",,"小红书博主称作""小众止汗膏隐形体香""，膏体清爽不油腻、香味叙事强、贴肤后约6-8h留香明显、夏季腋下、运动后用反响最好。负面：50g/¥117单价偏贵，用量也快；止汗效果对重度多汗体质有限，不能替代专业止汗剂；少数反馈对腋下敏感肌使用初期会泛红刺痛；香味与沐浴露搭配后会""冲味""，建议同款使用。",其他_9_3ec014be0e.jpg
